[{"model": "admin.logentry", "pk": 1, "fields": {"action_time": "2024-10-25T12:08:17.075Z", "user": 3, "content_type": 7, "object_id": "1", "object_repr": "prosnal54@gmail.com", "action_flag": 1, "change_message": "[{\"added\": {}}]"}}, {"model": "admin.logentry", "pk": 2, "fields": {"action_time": "2024-10-25T12:50:01.122Z", "user": 3, "content_type": 7, "object_id": "1", "object_repr": "prosnal54@gmail.com", "action_flag": 3, "change_message": ""}}, {"model": "admin.logentry", "pk": 3, "fields": {"action_time": "2024-10-25T12:50:29.711Z", "user": 3, "content_type": 7, "object_id": "2", "object_repr": "prosnal54@gmail.com", "action_flag": 1, "change_message": "[{\"added\": {}}]"}}, {"model": "admin.logentry", "pk": 4, "fields": {"action_time": "2024-10-28T16:43:15.814Z", "user": 3, "content_type": 6, "object_id": "6", "object_repr": "prosnal5443@gmail.com", "action_flag": 3, "change_message": ""}}, {"model": "admin.logentry", "pk": 5, "fields": {"action_time": "2024-10-28T16:43:15.814Z", "user": 3, "content_type": 6, "object_id": "5", "object_repr": "prosnal549@gmail.com", "action_flag": 3, "change_message": ""}}, {"model": "admin.logentry", "pk": 6, "fields": {"action_time": "2024-10-28T16:43:15.814Z", "user": 3, "content_type": 6, "object_id": "4", "object_repr": "prosnal55@gmail.com", "action_flag": 3, "change_message": ""}}, {"model": "admin.logentry", "pk": 7, "fields": {"action_time": "2024-10-28T16:43:32.516Z", "user": 3, "content_type": 6, "object_id": "7", "object_repr": "prosnal@gmail.com", "action_flag": 2, "change_message": "[{\"changed\": {\"fields\": [\"Email\", \"Is admin\"]}}]"}}, {"model": "admin.logentry", "pk": 8, "fields": {"action_time": "2024-10-29T19:45:11.484Z", "user": 3, "content_type": 6, "object_id": "9", "object_repr": "naluprosper55@gmail.com", "action_flag": 3, "change_message": ""}}, {"model": "admin.logentry", "pk": 9, "fields": {"action_time": "2024-10-29T19:45:11.484Z", "user": 3, "content_type": 6, "object_id": "8", "object_repr": "naluprosper54@gmail.com", "action_flag": 3, "change_message": ""}}, {"model": "admin.logentry", "pk": 10, "fields": {"action_time": "2024-10-29T19:45:11.484Z", "user": 3, "content_type": 6, "object_id": "7", "object_repr": "prosnal@gmail.com", "action_flag": 3, "change_message": ""}}, {"model": "admin.logentry", "pk": 11, "fields": {"action_time": "2024-10-29T19:46:42.813Z", "user": 3, "content_type": 6, "object_id": "10", "object_repr": "naluprosper54@gmail.com", "action_flag": 3, "change_message": ""}}, {"model": "admin.logentry", "pk": 12, "fields": {"action_time": "2024-10-29T19:51:27.206Z", "user": 3, "content_type": 6, "object_id": "11", "object_repr": "naluprosper54@gmail.com", "action_flag": 3, "change_message": ""}}, {"model": "admin.logentry", "pk": 13, "fields": {"action_time": "2024-10-29T20:02:27.121Z", "user": 3, "content_type": 6, "object_id": "12", "object_repr": "naluprosper54@gmail.com", "action_flag": 3, "change_message": ""}}, {"model": "admin.logentry", "pk": 14, "fields": {"action_time": "2024-10-29T21:11:20.890Z", "user": 3, "content_type": 6, "object_id": "14", "object_repr": "naluprosper55@gmail.com", "action_flag": 3, "change_message": ""}}, {"model": "admin.logentry", "pk": 15, "fields": {"action_time": "2024-10-29T21:15:39.018Z", "user": 3, "content_type": 6, "object_id": "15", "object_repr": "naluprosper55@gmail.com", "action_flag": 2, "change_message": "[{\"changed\": {\"fields\": [\"Is active\"]}}]"}}, {"model": "admin.logentry", "pk": 16, "fields": {"action_time": "2024-10-30T12:10:47.081Z", "user": 3, "content_type": 8, "object_id": "2", "object_repr": "nnnnn", "action_flag": 1, "change_message": "[{\"added\": {}}]"}}, {"model": "admin.logentry", "pk": 17, "fields": {"action_time": "2024-10-30T12:12:19.120Z", "user": 3, "content_type": 7, "object_id": "14", "object_repr": "naluprosper55@gmail.com", "action_flag": 2, "change_message": "[{\"changed\": {\"fields\": [\"Profile picture\", \"Cover photo\", \"Address line 1\", \"Country\", \"State\", \"City\", \"Pin code\", \"Latitude\", \"Longitude\"]}}]"}}, {"model": "admin.logentry", "pk": 18, "fields": {"action_time": "2024-10-30T12:20:33.052Z", "user": 3, "content_type": 6, "object_id": "15", "object_repr": "naluprosper55@gmail.com", "action_flag": 2, "change_message": "[{\"changed\": {\"fields\": [\"Role\"]}}]"}}, {"model": "admin.logentry", "pk": 19, "fields": {"action_time": "2024-11-04T13:25:57.879Z", "user": 3, "content_type": 9, "object_id": "1", "object_repr": "Burgers", "action_flag": 1, "change_message": "[{\"added\": {}}]"}}, {"model": "admin.logentry", "pk": 20, "fields": {"action_time": "2024-11-04T13:27:47.518Z", "user": 3, "content_type": 9, "object_id": "2", "object_repr": "Chicken", "action_flag": 1, "change_message": "[{\"added\": {}}]"}}, {"model": "admin.logentry", "pk": 21, "fields": {"action_time": "2024-11-04T13:38:06.128Z", "user": 3, "content_type": 10, "object_id": "1", "object_repr": "burger one", "action_flag": 1, "change_message": "[{\"added\": {}}]"}}, {"model": "admin.logentry", "pk": 22, "fields": {"action_time": "2024-11-13T18:22:28.964Z", "user": 3, "content_type": 6, "object_id": "16", "object_repr": "prosnal@gmail.com", "action_flag": 2, "change_message": "[{\"changed\": {\"fields\": [\"Role\", \"Is active\"]}}]"}}, {"model": "admin.logentry", "pk": 23, "fields": {"action_time": "2024-11-13T18:24:10.047Z", "user": 3, "content_type": 6, "object_id": "16", "object_repr": "prosnal@gmail.com", "action_flag": 3, "change_message": ""}}, {"model": "admin.logentry", "pk": 24, "fields": {"action_time": "2024-11-13T18:24:43.509Z", "user": 3, "content_type": 6, "object_id": "13", "object_repr": "naluprosper54@gmail.com", "action_flag": 2, "change_message": "[{\"changed\": {\"fields\": [\"Role\"]}}]"}}, {"model": "admin.logentry", "pk": 25, "fields": {"action_time": "2024-11-13T18:25:22.576Z", "user": 3, "content_type": 8, "object_id": "3", "object_repr": "mmmm", "action_flag": 1, "change_message": "[{\"added\": {}}]"}}, {"model": "admin.logentry", "pk": 26, "fields": {"action_time": "2024-11-13T18:25:45.629Z", "user": 3, "content_type": 9, "object_id": "4", "object_repr": "Bottles", "action_flag": 1, "change_message": "[{\"added\": {}}]"}}, {"model": "admin.logentry", "pk": 27, "fields": {"action_time": "2024-11-16T11:21:05.214Z", "user": 3, "content_type": 8, "object_id": "3", "object_repr": "Mmmm Restaurant", "action_flag": 2, "change_message": "[{\"changed\": {\"fields\": [\"Vendor slug\", \"Vendor name\"]}}]"}}, {"model": "admin.logentry", "pk": 28, "fields": {"action_time": "2024-11-16T11:21:32.465Z", "user": 3, "content_type": 8, "object_id": "2", "object_repr": "Nnnnn Restaurant", "action_flag": 2, "change_message": "[{\"changed\": {\"fields\": [\"Vendor slug\", \"Vendor name\"]}}]"}}, {"model": "admin.logentry", "pk": 29, "fields": {"action_time": "2024-11-16T11:33:04.496Z", "user": 3, "content_type": 8, "object_id": "4", "object_repr": "third vendor", "action_flag": 3, "change_message": ""}}, {"model": "admin.logentry", "pk": 30, "fields": {"action_time": "2024-11-16T11:33:16.473Z", "user": 3, "content_type": 6, "object_id": "17", "object_repr": "naluprosperr4@gmail.com", "action_flag": 3, "change_message": ""}}, {"model": "admin.logentry", "pk": 31, "fields": {"action_time": "2024-11-16T12:27:02.583Z", "user": 3, "content_type": 10, "object_id": "1", "object_repr": "burger one", "action_flag": 2, "change_message": "[{\"changed\": {\"fields\": [\"Is available\"]}}]"}}, {"model": "admin.logentry", "pk": 32, "fields": {"action_time": "2024-11-16T12:32:23.451Z", "user": 3, "content_type": 10, "object_id": "1", "object_repr": "burger one", "action_flag": 2, "change_message": "[{\"changed\": {\"fields\": [\"Is available\"]}}]"}}, {"model": "admin.logentry", "pk": 33, "fields": {"action_time": "2024-11-26T09:27:33.593Z", "user": 3, "content_type": 11, "object_id": "1", "object_repr": "Cart object (1)", "action_flag": 3, "change_message": ""}}, {"model": "admin.logentry", "pk": 34, "fields": {"action_time": "2024-11-26T10:32:07.400Z", "user": 3, "content_type": 11, "object_id": "3", "object_repr": "Cart object (3)", "action_flag": 3, "change_message": ""}}, {"model": "admin.logentry", "pk": 35, "fields": {"action_time": "2024-11-26T10:32:07.400Z", "user": 3, "content_type": 11, "object_id": "2", "object_repr": "Cart object (2)", "action_flag": 3, "change_message": ""}}, {"model": "admin.logentry", "pk": 36, "fields": {"action_time": "2024-11-26T10:53:39.209Z", "user": 3, "content_type": 11, "object_id": "5", "object_repr": "Cart object (5)", "action_flag": 3, "change_message": ""}}, {"model": "admin.logentry", "pk": 37, "fields": {"action_time": "2024-11-26T10:53:39.209Z", "user": 3, "content_type": 11, "object_id": "4", "object_repr": "Cart object (4)", "action_flag": 3, "change_message": ""}}, {"model": "admin.logentry", "pk": 38, "fields": {"action_time": "2024-12-10T13:51:37.458Z", "user": 3, "content_type": 6, "object_id": "19", "object_repr": "third@gmail.com", "action_flag": 2, "change_message": "[{\"changed\": {\"fields\": [\"Is active\"]}}]"}}, {"model": "admin.logentry", "pk": 39, "fields": {"action_time": "2024-12-10T14:07:19.583Z", "user": 3, "content_type": 8, "object_id": "5", "object_repr": "Third Business", "action_flag": 2, "change_message": "[{\"changed\": {\"fields\": [\"Is approved\"]}}]"}}, {"model": "admin.logentry", "pk": 40, "fields": {"action_time": "2024-12-10T14:16:55.728Z", "user": 3, "content_type": 6, "object_id": "20", "object_repr": "fourth@gmail.com", "action_flag": 2, "change_message": "[{\"changed\": {\"fields\": [\"Is active\"]}}]"}}, {"model": "admin.logentry", "pk": 41, "fields": {"action_time": "2024-12-10T14:18:32.778Z", "user": 3, "content_type": 8, "object_id": "6", "object_repr": "fourthbusiness", "action_flag": 2, "change_message": "[{\"changed\": {\"fields\": [\"Is approved\"]}}]"}}, {"model": "admin.logentry", "pk": 42, "fields": {"action_time": "2024-12-10T14:23:44.094Z", "user": 3, "content_type": 6, "object_id": "21", "object_repr": "fifth@gmail.com", "action_flag": 3, "change_message": ""}}, {"model": "admin.logentry", "pk": 43, "fields": {"action_time": "2024-12-10T14:24:59.523Z", "user": 3, "content_type": 6, "object_id": "22", "object_repr": "fifth@gmail.com", "action_flag": 2, "change_message": "[{\"changed\": {\"fields\": [\"Is active\"]}}]"}}, {"model": "admin.logentry", "pk": 44, "fields": {"action_time": "2024-12-10T14:26:41.088Z", "user": 3, "content_type": 8, "object_id": "7", "object_repr": "fifthbusiness", "action_flag": 2, "change_message": "[{\"changed\": {\"fields\": [\"Is approved\"]}}]"}}, {"model": "admin.logentry", "pk": 45, "fields": {"action_time": "2024-12-10T14:29:42.308Z", "user": 3, "content_type": 7, "object_id": "21", "object_repr": "fifth@gmail.com", "action_flag": 2, "change_message": "[{\"changed\": {\"fields\": [\"Address\", \"Country\", \"State\", \"City\", \"Pin code\"]}}]"}}, {"model": "admin.logentry", "pk": 46, "fields": {"action_time": "2024-12-10T19:55:54.420Z", "user": 3, "content_type": 7, "object_id": "21", "object_repr": "fifth@gmail.com", "action_flag": 2, "change_message": "[{\"changed\": {\"fields\": [\"Location\"]}}]"}}, {"model": "admin.logentry", "pk": 47, "fields": {"action_time": "2024-12-10T20:00:09.128Z", "user": 3, "content_type": 7, "object_id": "21", "object_repr": "fifth@gmail.com", "action_flag": 2, "change_message": "[]"}}, {"model": "admin.logentry", "pk": 48, "fields": {"action_time": "2024-12-10T20:00:15.637Z", "user": 3, "content_type": 7, "object_id": "19", "object_repr": "fourth@gmail.com", "action_flag": 2, "change_message": "[]"}}, {"model": "admin.logentry", "pk": 49, "fields": {"action_time": "2024-12-10T20:00:19.466Z", "user": 3, "content_type": 7, "object_id": "19", "object_repr": "fourth@gmail.com", "action_flag": 2, "change_message": "[]"}}, {"model": "admin.logentry", "pk": 50, "fields": {"action_time": "2024-12-10T20:00:26.392Z", "user": 3, "content_type": 7, "object_id": "18", "object_repr": "third@gmail.com", "action_flag": 2, "change_message": "[]"}}, {"model": "admin.logentry", "pk": 51, "fields": {"action_time": "2024-12-10T20:00:48.383Z", "user": 3, "content_type": 7, "object_id": "14", "object_repr": "naluprosper55@gmail.com", "action_flag": 2, "change_message": "[]"}}, {"model": "admin.logentry", "pk": 52, "fields": {"action_time": "2024-12-13T09:57:41.425Z", "user": 3, "content_type": 13, "object_id": "1", "object_repr": "GST", "action_flag": 1, "change_message": "[{\"added\": {}}]"}}, {"model": "admin.logentry", "pk": 53, "fields": {"action_time": "2024-12-13T09:57:55.008Z", "user": 3, "content_type": 13, "object_id": "2", "object_repr": "SGST", "action_flag": 1, "change_message": "[{\"added\": {}}]"}}, {"model": "admin.logentry", "pk": 54, "fields": {"action_time": "2024-12-17T14:23:05.751Z", "user": 3, "content_type": 14, "object_id": "1", "object_repr": "2024121714531", "action_flag": 3, "change_message": ""}}, {"model": "admin.logentry", "pk": 55, "fields": {"action_time": "2024-12-17T19:39:15.646Z", "user": 3, "content_type": 14, "object_id": "8", "object_repr": "202412171937018", "action_flag": 3, "change_message": ""}}, {"model": "admin.logentry", "pk": 56, "fields": {"action_time": "2024-12-17T19:39:15.646Z", "user": 3, "content_type": 14, "object_id": "7", "object_repr": "202412171925217", "action_flag": 3, "change_message": ""}}, {"model": "admin.logentry", "pk": 57, "fields": {"action_time": "2024-12-17T19:39:15.646Z", "user": 3, "content_type": 14, "object_id": "6", "object_repr": "202412171923136", "action_flag": 3, "change_message": ""}}, {"model": "admin.logentry", "pk": 58, "fields": {"action_time": "2024-12-17T19:39:15.646Z", "user": 3, "content_type": 14, "object_id": "5", "object_repr": "202412171922005", "action_flag": 3, "change_message": ""}}, {"model": "admin.logentry", "pk": 59, "fields": {"action_time": "2024-12-17T19:39:15.646Z", "user": 3, "content_type": 14, "object_id": "4", "object_repr": "202412171920004", "action_flag": 3, "change_message": ""}}, {"model": "admin.logentry", "pk": 60, "fields": {"action_time": "2024-12-17T19:39:15.646Z", "user": 3, "content_type": 14, "object_id": "3", "object_repr": "202412171913563", "action_flag": 3, "change_message": ""}}, {"model": "admin.logentry", "pk": 61, "fields": {"action_time": "2024-12-17T19:39:15.646Z", "user": 3, "content_type": 14, "object_id": "2", "object_repr": "2024121714292", "action_flag": 3, "change_message": ""}}, {"model": "admin.logentry", "pk": 62, "fields": {"action_time": "2024-12-17T19:47:27.082Z", "user": 3, "content_type": 14, "object_id": "12", "object_repr": "2024121719434212", "action_flag": 3, "change_message": ""}}, {"model": "admin.logentry", "pk": 63, "fields": {"action_time": "2024-12-17T19:47:27.082Z", "user": 3, "content_type": 14, "object_id": "11", "object_repr": "2024121719425111", "action_flag": 3, "change_message": ""}}, {"model": "admin.logentry", "pk": 64, "fields": {"action_time": "2024-12-17T19:47:27.082Z", "user": 3, "content_type": 14, "object_id": "10", "object_repr": "2024121719424610", "action_flag": 3, "change_message": ""}}, {"model": "admin.logentry", "pk": 65, "fields": {"action_time": "2024-12-17T19:47:27.082Z", "user": 3, "content_type": 14, "object_id": "9", "object_repr": "202412171940219", "action_flag": 3, "change_message": ""}}, {"model": "admin.logentry", "pk": 66, "fields": {"action_time": "2024-12-17T19:51:32.658Z", "user": 3, "content_type": 14, "object_id": "15", "object_repr": "2024121719504115", "action_flag": 3, "change_message": ""}}, {"model": "admin.logentry", "pk": 67, "fields": {"action_time": "2024-12-17T19:51:32.658Z", "user": 3, "content_type": 14, "object_id": "14", "object_repr": "2024121719484914", "action_flag": 3, "change_message": ""}}, {"model": "admin.logentry", "pk": 68, "fields": {"action_time": "2024-12-17T19:51:32.658Z", "user": 3, "content_type": 14, "object_id": "13", "object_repr": "2024121719473213", "action_flag": 3, "change_message": ""}}, {"model": "admin.logentry", "pk": 69, "fields": {"action_time": "2024-12-17T19:55:08.891Z", "user": 3, "content_type": 14, "object_id": "18", "object_repr": "2024121719541418", "action_flag": 3, "change_message": ""}}, {"model": "admin.logentry", "pk": 70, "fields": {"action_time": "2024-12-17T19:55:08.891Z", "user": 3, "content_type": 14, "object_id": "17", "object_repr": "2024121719532617", "action_flag": 3, "change_message": ""}}, {"model": "admin.logentry", "pk": 71, "fields": {"action_time": "2024-12-17T19:55:08.891Z", "user": 3, "content_type": 14, "object_id": "16", "object_repr": "2024121719513916", "action_flag": 3, "change_message": ""}}, {"model": "admin.logentry", "pk": 72, "fields": {"action_time": "2024-12-17T19:55:16.507Z", "user": 3, "content_type": 16, "object_id": "11", "object_repr": "79R86715JE842593T", "action_flag": 3, "change_message": ""}}, {"model": "admin.logentry", "pk": 73, "fields": {"action_time": "2024-12-17T19:55:16.507Z", "user": 3, "content_type": 16, "object_id": "10", "object_repr": "703574327H790702N", "action_flag": 3, "change_message": ""}}, {"model": "admin.logentry", "pk": 74, "fields": {"action_time": "2024-12-17T19:55:16.507Z", "user": 3, "content_type": 16, "object_id": "9", "object_repr": "43P04476U31071008", "action_flag": 3, "change_message": ""}}, {"model": "admin.logentry", "pk": 75, "fields": {"action_time": "2024-12-18T14:32:02.635Z", "user": 3, "content_type": 14, "object_id": "26", "object_repr": "2024121814300026", "action_flag": 3, "change_message": ""}}, {"model": "admin.logentry", "pk": 76, "fields": {"action_time": "2024-12-18T14:32:02.635Z", "user": 3, "content_type": 14, "object_id": "25", "object_repr": "2024121814263325", "action_flag": 3, "change_message": ""}}, {"model": "admin.logentry", "pk": 77, "fields": {"action_time": "2024-12-18T14:32:02.635Z", "user": 3, "content_type": 14, "object_id": "24", "object_repr": "2024121814250224", "action_flag": 3, "change_message": ""}}, {"model": "admin.logentry", "pk": 78, "fields": {"action_time": "2024-12-18T14:32:02.635Z", "user": 3, "content_type": 14, "object_id": "23", "object_repr": "2024121814203023", "action_flag": 3, "change_message": ""}}, {"model": "admin.logentry", "pk": 79, "fields": {"action_time": "2024-12-18T14:32:02.635Z", "user": 3, "content_type": 14, "object_id": "22", "object_repr": "2024121813175222", "action_flag": 3, "change_message": ""}}, {"model": "admin.logentry", "pk": 80, "fields": {"action_time": "2024-12-18T14:32:02.635Z", "user": 3, "content_type": 14, "object_id": "21", "object_repr": "2024121812515321", "action_flag": 3, "change_message": ""}}, {"model": "admin.logentry", "pk": 81, "fields": {"action_time": "2024-12-18T14:32:02.635Z", "user": 3, "content_type": 14, "object_id": "20", "object_repr": "2024121812511520", "action_flag": 3, "change_message": ""}}, {"model": "admin.logentry", "pk": 82, "fields": {"action_time": "2024-12-18T14:32:02.635Z", "user": 3, "content_type": 14, "object_id": "19", "object_repr": "2024121719570419", "action_flag": 3, "change_message": ""}}, {"model": "admin.logentry", "pk": 83, "fields": {"action_time": "2024-12-18T14:32:15.818Z", "user": 3, "content_type": 16, "object_id": "18", "object_repr": "1S613168325682735", "action_flag": 3, "change_message": ""}}, {"model": "admin.logentry", "pk": 84, "fields": {"action_time": "2024-12-18T14:32:15.818Z", "user": 3, "content_type": 16, "object_id": "17", "object_repr": "0CB46165WS659272Y", "action_flag": 3, "change_message": ""}}, {"model": "admin.logentry", "pk": 85, "fields": {"action_time": "2024-12-18T14:32:15.818Z", "user": 3, "content_type": 16, "object_id": "16", "object_repr": "08723258BW247760R", "action_flag": 3, "change_message": ""}}, {"model": "admin.logentry", "pk": 86, "fields": {"action_time": "2024-12-18T14:32:15.818Z", "user": 3, "content_type": 16, "object_id": "15", "object_repr": "1C931847430929847", "action_flag": 3, "change_message": ""}}, {"model": "admin.logentry", "pk": 87, "fields": {"action_time": "2024-12-18T14:32:15.818Z", "user": 3, "content_type": 16, "object_id": "14", "object_repr": "5LV691868U2679156", "action_flag": 3, "change_message": ""}}, {"model": "admin.logentry", "pk": 88, "fields": {"action_time": "2024-12-18T14:32:15.818Z", "user": 3, "content_type": 16, "object_id": "13", "object_repr": "76T801103E167121S", "action_flag": 3, "change_message": ""}}, {"model": "admin.logentry", "pk": 89, "fields": {"action_time": "2024-12-18T14:32:15.819Z", "user": 3, "content_type": 16, "object_id": "12", "object_repr": "84S14797493529404", "action_flag": 3, "change_message": ""}}, {"model": "admin.logentry", "pk": 90, "fields": {"action_time": "2024-12-18T23:06:52.493Z", "user": 3, "content_type": 16, "object_id": "23", "object_repr": "pi_3QXWGfGoyH3blEPl1IAlGuqx", "action_flag": 3, "change_message": ""}}, {"model": "admin.logentry", "pk": 91, "fields": {"action_time": "2024-12-18T23:06:52.493Z", "user": 3, "content_type": 16, "object_id": "22", "object_repr": "pi_3QXVzRGoyH3blEPl1FsjzTjc", "action_flag": 3, "change_message": ""}}, {"model": "admin.logentry", "pk": 92, "fields": {"action_time": "2024-12-18T23:06:52.493Z", "user": 3, "content_type": 16, "object_id": "21", "object_repr": "1N0905266G7707213", "action_flag": 3, "change_message": ""}}, {"model": "admin.logentry", "pk": 93, "fields": {"action_time": "2024-12-18T23:06:52.493Z", "user": 3, "content_type": 16, "object_id": "20", "object_repr": "5V743148U08869844", "action_flag": 3, "change_message": ""}}, {"model": "admin.logentry", "pk": 94, "fields": {"action_time": "2024-12-18T23:06:52.493Z", "user": 3, "content_type": 16, "object_id": "19", "object_repr": "4GR27686PX741601Y", "action_flag": 3, "change_message": ""}}, {"model": "admin.logentry", "pk": 95, "fields": {"action_time": "2024-12-18T23:06:59.720Z", "user": 3, "content_type": 14, "object_id": "66", "object_repr": "2024121823023666", "action_flag": 3, "change_message": ""}}, {"model": "admin.logentry", "pk": 96, "fields": {"action_time": "2024-12-18T23:06:59.720Z", "user": 3, "content_type": 14, "object_id": "65", "object_repr": "2024121822445065", "action_flag": 3, "change_message": ""}}, {"model": "admin.logentry", "pk": 97, "fields": {"action_time": "2024-12-18T23:06:59.720Z", "user": 3, "content_type": 14, "object_id": "64", "object_repr": "2024121822433864", "action_flag": 3, "change_message": ""}}, {"model": "admin.logentry", "pk": 98, "fields": {"action_time": "2024-12-18T23:06:59.720Z", "user": 3, "content_type": 14, "object_id": "63", "object_repr": "2024121822374263", "action_flag": 3, "change_message": ""}}, {"model": "admin.logentry", "pk": 99, "fields": {"action_time": "2024-12-18T23:06:59.720Z", "user": 3, "content_type": 14, "object_id": "62", "object_repr": "2024121822312662", "action_flag": 3, "change_message": ""}}, {"model": "admin.logentry", "pk": 100, "fields": {"action_time": "2024-12-18T23:06:59.720Z", "user": 3, "content_type": 14, "object_id": "61", "object_repr": "2024121822292561", "action_flag": 3, "change_message": ""}}, {"model": "admin.logentry", "pk": 101, "fields": {"action_time": "2024-12-18T23:06:59.720Z", "user": 3, "content_type": 14, "object_id": "60", "object_repr": "2024121822261760", "action_flag": 3, "change_message": ""}}, {"model": "admin.logentry", "pk": 102, "fields": {"action_time": "2024-12-18T23:06:59.720Z", "user": 3, "content_type": 14, "object_id": "59", "object_repr": "2024121822230359", "action_flag": 3, "change_message": ""}}, {"model": "admin.logentry", "pk": 103, "fields": {"action_time": "2024-12-18T23:06:59.720Z", "user": 3, "content_type": 14, "object_id": "58", "object_repr": "2024121822190558", "action_flag": 3, "change_message": ""}}, {"model": "admin.logentry", "pk": 104, "fields": {"action_time": "2024-12-18T23:06:59.720Z", "user": 3, "content_type": 14, "object_id": "57", "object_repr": "2024121822145857", "action_flag": 3, "change_message": ""}}, {"model": "admin.logentry", "pk": 105, "fields": {"action_time": "2024-12-18T23:06:59.720Z", "user": 3, "content_type": 14, "object_id": "56", "object_repr": "2024121822130456", "action_flag": 3, "change_message": ""}}, {"model": "admin.logentry", "pk": 106, "fields": {"action_time": "2024-12-18T23:06:59.720Z", "user": 3, "content_type": 14, "object_id": "55", "object_repr": "2024121822081855", "action_flag": 3, "change_message": ""}}, {"model": "admin.logentry", "pk": 107, "fields": {"action_time": "2024-12-18T23:06:59.720Z", "user": 3, "content_type": 14, "object_id": "54", "object_repr": "2024121822064954", "action_flag": 3, "change_message": ""}}, {"model": "admin.logentry", "pk": 108, "fields": {"action_time": "2024-12-18T23:06:59.720Z", "user": 3, "content_type": 14, "object_id": "53", "object_repr": "2024121821141853", "action_flag": 3, "change_message": ""}}, {"model": "admin.logentry", "pk": 109, "fields": {"action_time": "2024-12-18T23:06:59.720Z", "user": 3, "content_type": 14, "object_id": "52", "object_repr": "2024121818301852", "action_flag": 3, "change_message": ""}}, {"model": "admin.logentry", "pk": 110, "fields": {"action_time": "2024-12-18T23:06:59.720Z", "user": 3, "content_type": 14, "object_id": "51", "object_repr": "2024121818223251", "action_flag": 3, "change_message": ""}}, {"model": "admin.logentry", "pk": 111, "fields": {"action_time": "2024-12-18T23:06:59.720Z", "user": 3, "content_type": 14, "object_id": "50", "object_repr": "2024121818195150", "action_flag": 3, "change_message": ""}}, {"model": "admin.logentry", "pk": 112, "fields": {"action_time": "2024-12-18T23:06:59.720Z", "user": 3, "content_type": 14, "object_id": "49", "object_repr": "2024121818165749", "action_flag": 3, "change_message": ""}}, {"model": "admin.logentry", "pk": 113, "fields": {"action_time": "2024-12-18T23:06:59.720Z", "user": 3, "content_type": 14, "object_id": "48", "object_repr": "2024121818102248", "action_flag": 3, "change_message": ""}}, {"model": "admin.logentry", "pk": 114, "fields": {"action_time": "2024-12-18T23:06:59.720Z", "user": 3, "content_type": 14, "object_id": "47", "object_repr": "2024121817464847", "action_flag": 3, "change_message": ""}}, {"model": "admin.logentry", "pk": 115, "fields": {"action_time": "2024-12-18T23:06:59.720Z", "user": 3, "content_type": 14, "object_id": "46", "object_repr": "2024121817391746", "action_flag": 3, "change_message": ""}}, {"model": "admin.logentry", "pk": 116, "fields": {"action_time": "2024-12-18T23:06:59.720Z", "user": 3, "content_type": 14, "object_id": "45", "object_repr": "2024121817371745", "action_flag": 3, "change_message": ""}}, {"model": "admin.logentry", "pk": 117, "fields": {"action_time": "2024-12-18T23:06:59.720Z", "user": 3, "content_type": 14, "object_id": "44", "object_repr": "2024121817195144", "action_flag": 3, "change_message": ""}}, {"model": "admin.logentry", "pk": 118, "fields": {"action_time": "2024-12-18T23:06:59.720Z", "user": 3, "content_type": 14, "object_id": "43", "object_repr": "2024121817182143", "action_flag": 3, "change_message": ""}}, {"model": "admin.logentry", "pk": 119, "fields": {"action_time": "2024-12-18T23:06:59.720Z", "user": 3, "content_type": 14, "object_id": "42", "object_repr": "2024121817150142", "action_flag": 3, "change_message": ""}}, {"model": "admin.logentry", "pk": 120, "fields": {"action_time": "2024-12-18T23:06:59.720Z", "user": 3, "content_type": 14, "object_id": "41", "object_repr": "2024121817104341", "action_flag": 3, "change_message": ""}}, {"model": "admin.logentry", "pk": 121, "fields": {"action_time": "2024-12-18T23:06:59.720Z", "user": 3, "content_type": 14, "object_id": "40", "object_repr": "2024121817073540", "action_flag": 3, "change_message": ""}}, {"model": "admin.logentry", "pk": 122, "fields": {"action_time": "2024-12-18T23:06:59.720Z", "user": 3, "content_type": 14, "object_id": "39", "object_repr": "2024121816421439", "action_flag": 3, "change_message": ""}}, {"model": "admin.logentry", "pk": 123, "fields": {"action_time": "2024-12-18T23:06:59.720Z", "user": 3, "content_type": 14, "object_id": "38", "object_repr": "2024121816400238", "action_flag": 3, "change_message": ""}}, {"model": "admin.logentry", "pk": 124, "fields": {"action_time": "2024-12-18T23:06:59.720Z", "user": 3, "content_type": 14, "object_id": "37", "object_repr": "2024121816384937", "action_flag": 3, "change_message": ""}}, {"model": "admin.logentry", "pk": 125, "fields": {"action_time": "2024-12-18T23:06:59.720Z", "user": 3, "content_type": 14, "object_id": "36", "object_repr": "2024121816354536", "action_flag": 3, "change_message": ""}}, {"model": "admin.logentry", "pk": 126, "fields": {"action_time": "2024-12-18T23:06:59.720Z", "user": 3, "content_type": 14, "object_id": "35", "object_repr": "2024121816350935", "action_flag": 3, "change_message": ""}}, {"model": "admin.logentry", "pk": 127, "fields": {"action_time": "2024-12-18T23:06:59.720Z", "user": 3, "content_type": 14, "object_id": "34", "object_repr": "2024121816343634", "action_flag": 3, "change_message": ""}}, {"model": "admin.logentry", "pk": 128, "fields": {"action_time": "2024-12-18T23:06:59.720Z", "user": 3, "content_type": 14, "object_id": "33", "object_repr": "2024121816314233", "action_flag": 3, "change_message": ""}}, {"model": "admin.logentry", "pk": 129, "fields": {"action_time": "2024-12-18T23:06:59.720Z", "user": 3, "content_type": 14, "object_id": "32", "object_repr": "2024121816304032", "action_flag": 3, "change_message": ""}}, {"model": "admin.logentry", "pk": 130, "fields": {"action_time": "2024-12-18T23:06:59.720Z", "user": 3, "content_type": 14, "object_id": "31", "object_repr": "2024121815145631", "action_flag": 3, "change_message": ""}}, {"model": "admin.logentry", "pk": 131, "fields": {"action_time": "2024-12-18T23:06:59.720Z", "user": 3, "content_type": 14, "object_id": "30", "object_repr": "2024121815143330", "action_flag": 3, "change_message": ""}}, {"model": "admin.logentry", "pk": 132, "fields": {"action_time": "2024-12-18T23:06:59.720Z", "user": 3, "content_type": 14, "object_id": "29", "object_repr": "2024121814361329", "action_flag": 3, "change_message": ""}}, {"model": "admin.logentry", "pk": 133, "fields": {"action_time": "2024-12-18T23:06:59.720Z", "user": 3, "content_type": 14, "object_id": "28", "object_repr": "2024121814340328", "action_flag": 3, "change_message": ""}}, {"model": "admin.logentry", "pk": 134, "fields": {"action_time": "2024-12-18T23:06:59.720Z", "user": 3, "content_type": 14, "object_id": "27", "object_repr": "2024121814322727", "action_flag": 3, "change_message": ""}}, {"model": "admin.logentry", "pk": 135, "fields": {"action_time": "2024-12-19T00:50:45.435Z", "user": 3, "content_type": 14, "object_id": "72", "object_repr": "2024121900371272", "action_flag": 3, "change_message": ""}}, {"model": "admin.logentry", "pk": 136, "fields": {"action_time": "2024-12-19T00:50:45.435Z", "user": 3, "content_type": 14, "object_id": "71", "object_repr": "2024121900344271", "action_flag": 3, "change_message": ""}}, {"model": "admin.logentry", "pk": 137, "fields": {"action_time": "2024-12-19T00:50:45.435Z", "user": 3, "content_type": 14, "object_id": "70", "object_repr": "2024121900290970", "action_flag": 3, "change_message": ""}}, {"model": "admin.logentry", "pk": 138, "fields": {"action_time": "2024-12-19T00:50:45.435Z", "user": 3, "content_type": 14, "object_id": "69", "object_repr": "2024121900272769", "action_flag": 3, "change_message": ""}}, {"model": "admin.logentry", "pk": 139, "fields": {"action_time": "2024-12-19T00:50:45.435Z", "user": 3, "content_type": 14, "object_id": "68", "object_repr": "2024121900014368", "action_flag": 3, "change_message": ""}}, {"model": "admin.logentry", "pk": 140, "fields": {"action_time": "2024-12-19T00:50:45.435Z", "user": 3, "content_type": 14, "object_id": "67", "object_repr": "2024121823081067", "action_flag": 3, "change_message": ""}}, {"model": "admin.logentry", "pk": 141, "fields": {"action_time": "2024-12-19T00:50:52.118Z", "user": 3, "content_type": 16, "object_id": "27", "object_repr": "pi_3QXXcVGoyH3blEPl1NMJyJIo", "action_flag": 3, "change_message": ""}}, {"model": "admin.logentry", "pk": 142, "fields": {"action_time": "2024-12-19T00:50:52.118Z", "user": 3, "content_type": 16, "object_id": "26", "object_repr": "pi_3QXXalGoyH3blEPl03tjiWyx", "action_flag": 3, "change_message": ""}}, {"model": "admin.logentry", "pk": 143, "fields": {"action_time": "2024-12-19T00:50:52.118Z", "user": 3, "content_type": 16, "object_id": "25", "object_repr": "pi_3QXXBsGoyH3blEPl0EnzyUjo", "action_flag": 3, "change_message": ""}}, {"model": "admin.logentry", "pk": 144, "fields": {"action_time": "2024-12-19T00:50:52.118Z", "user": 3, "content_type": 16, "object_id": "24", "object_repr": "pi_3QXWM6GoyH3blEPl0UoUspCN", "action_flag": 3, "change_message": ""}}, {"model": "admin.logentry", "pk": 145, "fields": {"action_time": "2024-12-19T00:53:23.617Z", "user": 3, "content_type": 14, "object_id": "74", "object_repr": "2024121900520574", "action_flag": 3, "change_message": ""}}, {"model": "admin.logentry", "pk": 146, "fields": {"action_time": "2024-12-19T00:53:23.617Z", "user": 3, "content_type": 14, "object_id": "73", "object_repr": "2024121900510673", "action_flag": 3, "change_message": ""}}, {"model": "admin.logentry", "pk": 147, "fields": {"action_time": "2024-12-19T00:53:30.399Z", "user": 3, "content_type": 16, "object_id": "28", "object_repr": "pi_3QXXyhGoyH3blEPl1Jofeilk", "action_flag": 3, "change_message": ""}}, {"model": "admin.logentry", "pk": 148, "fields": {"action_time": "2024-12-19T01:10:56.065Z", "user": 3, "content_type": 14, "object_id": "79", "object_repr": "2024121901090779", "action_flag": 3, "change_message": ""}}, {"model": "admin.logentry", "pk": 149, "fields": {"action_time": "2024-12-19T01:10:56.065Z", "user": 3, "content_type": 14, "object_id": "78", "object_repr": "2024121901041478", "action_flag": 3, "change_message": ""}}, {"model": "admin.logentry", "pk": 150, "fields": {"action_time": "2024-12-19T01:10:56.065Z", "user": 3, "content_type": 14, "object_id": "77", "object_repr": "2024121901025877", "action_flag": 3, "change_message": ""}}, {"model": "admin.logentry", "pk": 151, "fields": {"action_time": "2024-12-19T01:10:56.065Z", "user": 3, "content_type": 14, "object_id": "76", "object_repr": "2024121901000276", "action_flag": 3, "change_message": ""}}, {"model": "admin.logentry", "pk": 152, "fields": {"action_time": "2024-12-19T01:10:56.065Z", "user": 3, "content_type": 14, "object_id": "75", "object_repr": "2024121900533375", "action_flag": 3, "change_message": ""}}, {"model": "admin.logentry", "pk": 153, "fields": {"action_time": "2024-12-19T01:11:02.698Z", "user": 3, "content_type": 16, "object_id": "33", "object_repr": "1MM91040BS8129736", "action_flag": 3, "change_message": ""}}, {"model": "admin.logentry", "pk": 154, "fields": {"action_time": "2024-12-19T01:11:02.698Z", "user": 3, "content_type": 16, "object_id": "32", "object_repr": "8V967922MN667201X", "action_flag": 3, "change_message": ""}}, {"model": "admin.logentry", "pk": 155, "fields": {"action_time": "2024-12-19T01:11:02.698Z", "user": 3, "content_type": 16, "object_id": "31", "object_repr": "pi_3QXY98GoyH3blEPl102YzMCx", "action_flag": 3, "change_message": ""}}, {"model": "admin.logentry", "pk": 156, "fields": {"action_time": "2024-12-19T01:11:02.699Z", "user": 3, "content_type": 16, "object_id": "30", "object_repr": "pi_3QXY6MGoyH3blEPl0iNX4ueb", "action_flag": 3, "change_message": ""}}, {"model": "admin.logentry", "pk": 157, "fields": {"action_time": "2024-12-19T01:11:02.699Z", "user": 3, "content_type": 16, "object_id": "29", "object_repr": "pi_3QXY00GoyH3blEPl1K7SDe9z", "action_flag": 3, "change_message": ""}}, {"model": "admin.logentry", "pk": 158, "fields": {"action_time": "2024-12-27T12:06:04.175Z", "user": 3, "content_type": 14, "object_id": "83", "object_repr": "2024121919363883", "action_flag": 3, "change_message": ""}}, {"model": "admin.logentry", "pk": 159, "fields": {"action_time": "2024-12-27T12:06:04.176Z", "user": 3, "content_type": 14, "object_id": "82", "object_repr": "2024121901161382", "action_flag": 3, "change_message": ""}}, {"model": "admin.logentry", "pk": 160, "fields": {"action_time": "2024-12-27T12:06:04.176Z", "user": 3, "content_type": 14, "object_id": "81", "object_repr": "2024121901120781", "action_flag": 3, "change_message": ""}}, {"model": "admin.logentry", "pk": 161, "fields": {"action_time": "2024-12-27T12:06:04.176Z", "user": 3, "content_type": 14, "object_id": "80", "object_repr": "2024121901111680", "action_flag": 3, "change_message": ""}}, {"model": "admin.logentry", "pk": 162, "fields": {"action_time": "2024-12-27T12:06:10.351Z", "user": 3, "content_type": 16, "object_id": "35", "object_repr": "pi_3QXYICGoyH3blEPl07yXDNai", "action_flag": 3, "change_message": ""}}, {"model": "admin.logentry", "pk": 163, "fields": {"action_time": "2024-12-27T12:06:10.351Z", "user": 3, "content_type": 16, "object_id": "34", "object_repr": "85Y93251NW895274V", "action_flag": 3, "change_message": ""}}, {"model": "admin.logentry", "pk": 164, "fields": {"action_time": "2024-12-27T13:31:32.088Z", "user": 3, "content_type": 6, "object_id": "13", "object_repr": "naluprosper544@gmail.com", "action_flag": 2, "change_message": "[{\"changed\": {\"fields\": [\"Email\"]}}]"}}, {"model": "admin.logentry", "pk": 165, "fields": {"action_time": "2024-12-27T13:31:38.656Z", "user": 3, "content_type": 6, "object_id": "13", "object_repr": "naluprosper544@gmail.com", "action_flag": 2, "change_message": "[]"}}, {"model": "admin.logentry", "pk": 166, "fields": {"action_time": "2024-12-27T13:32:02.328Z", "user": 3, "content_type": 6, "object_id": "20", "object_repr": "naluprosper54@gmail.com", "action_flag": 2, "change_message": "[{\"changed\": {\"fields\": [\"Email\"]}}]"}}, {"model": "admin.logentry", "pk": 167, "fields": {"action_time": "2024-12-27T14:10:02.588Z", "user": 3, "content_type": 14, "object_id": "88", "object_repr": "2024122714094488", "action_flag": 3, "change_message": ""}}, {"model": "admin.logentry", "pk": 168, "fields": {"action_time": "2024-12-27T14:10:02.588Z", "user": 3, "content_type": 14, "object_id": "87", "object_repr": "2024122714064987", "action_flag": 3, "change_message": ""}}, {"model": "admin.logentry", "pk": 169, "fields": {"action_time": "2024-12-27T14:10:02.588Z", "user": 3, "content_type": 14, "object_id": "86", "object_repr": "2024122714035386", "action_flag": 3, "change_message": ""}}, {"model": "admin.logentry", "pk": 170, "fields": {"action_time": "2024-12-27T14:10:02.588Z", "user": 3, "content_type": 14, "object_id": "85", "object_repr": "2024122713335585", "action_flag": 3, "change_message": ""}}, {"model": "admin.logentry", "pk": 171, "fields": {"action_time": "2024-12-27T14:10:02.588Z", "user": 3, "content_type": 14, "object_id": "84", "object_repr": "2024122713323384", "action_flag": 3, "change_message": ""}}, {"model": "admin.logentry", "pk": 172, "fields": {"action_time": "2024-12-27T14:10:12.894Z", "user": 3, "content_type": 16, "object_id": "38", "object_repr": "9FL92770CV903625F", "action_flag": 3, "change_message": ""}}, {"model": "admin.logentry", "pk": 173, "fields": {"action_time": "2024-12-27T14:10:12.894Z", "user": 3, "content_type": 16, "object_id": "37", "object_repr": "8T958152V6306080T", "action_flag": 3, "change_message": ""}}, {"model": "admin.logentry", "pk": 174, "fields": {"action_time": "2024-12-27T14:10:12.894Z", "user": 3, "content_type": 16, "object_id": "36", "object_repr": "1LJ628987B017294G", "action_flag": 3, "change_message": ""}}, {"model": "admin.logentry", "pk": 175, "fields": {"action_time": "2024-12-27T14:12:07.568Z", "user": 3, "content_type": 14, "object_id": "90", "object_repr": "2024122714113690", "action_flag": 3, "change_message": ""}}, {"model": "admin.logentry", "pk": 176, "fields": {"action_time": "2024-12-27T15:33:01.377Z", "user": 3, "content_type": 14, "object_id": "107", "object_repr": "20241227153146107", "action_flag": 3, "change_message": ""}}, {"model": "admin.logentry", "pk": 177, "fields": {"action_time": "2024-12-27T15:33:01.377Z", "user": 3, "content_type": 14, "object_id": "106", "object_repr": "20241227153021106", "action_flag": 3, "change_message": ""}}, {"model": "admin.logentry", "pk": 178, "fields": {"action_time": "2024-12-27T15:33:01.377Z", "user": 3, "content_type": 14, "object_id": "105", "object_repr": "20241227152149105", "action_flag": 3, "change_message": ""}}, {"model": "admin.logentry", "pk": 179, "fields": {"action_time": "2024-12-27T15:33:01.377Z", "user": 3, "content_type": 14, "object_id": "104", "object_repr": "20241227151930104", "action_flag": 3, "change_message": ""}}, {"model": "admin.logentry", "pk": 180, "fields": {"action_time": "2024-12-27T15:33:01.377Z", "user": 3, "content_type": 14, "object_id": "103", "object_repr": "20241227151555103", "action_flag": 3, "change_message": ""}}, {"model": "admin.logentry", "pk": 181, "fields": {"action_time": "2024-12-27T15:33:01.377Z", "user": 3, "content_type": 14, "object_id": "102", "object_repr": "20241227151344102", "action_flag": 3, "change_message": ""}}, {"model": "admin.logentry", "pk": 182, "fields": {"action_time": "2024-12-27T15:33:01.377Z", "user": 3, "content_type": 14, "object_id": "101", "object_repr": "20241227151150101", "action_flag": 3, "change_message": ""}}, {"model": "admin.logentry", "pk": 183, "fields": {"action_time": "2024-12-27T15:33:01.377Z", "user": 3, "content_type": 14, "object_id": "100", "object_repr": "20241227150614100", "action_flag": 3, "change_message": ""}}, {"model": "admin.logentry", "pk": 184, "fields": {"action_time": "2024-12-27T15:33:01.377Z", "user": 3, "content_type": 14, "object_id": "99", "object_repr": "2024122715010399", "action_flag": 3, "change_message": ""}}, {"model": "admin.logentry", "pk": 185, "fields": {"action_time": "2024-12-27T15:33:01.377Z", "user": 3, "content_type": 14, "object_id": "98", "object_repr": "2024122714572098", "action_flag": 3, "change_message": ""}}, {"model": "admin.logentry", "pk": 186, "fields": {"action_time": "2024-12-27T15:33:01.377Z", "user": 3, "content_type": 14, "object_id": "97", "object_repr": "2024122714550197", "action_flag": 3, "change_message": ""}}, {"model": "admin.logentry", "pk": 187, "fields": {"action_time": "2024-12-27T15:33:01.377Z", "user": 3, "content_type": 14, "object_id": "96", "object_repr": "2024122714495796", "action_flag": 3, "change_message": ""}}, {"model": "admin.logentry", "pk": 188, "fields": {"action_time": "2024-12-27T15:33:01.377Z", "user": 3, "content_type": 14, "object_id": "95", "object_repr": "2024122714453495", "action_flag": 3, "change_message": ""}}, {"model": "admin.logentry", "pk": 189, "fields": {"action_time": "2024-12-27T15:33:01.377Z", "user": 3, "content_type": 14, "object_id": "94", "object_repr": "2024122714400194", "action_flag": 3, "change_message": ""}}, {"model": "admin.logentry", "pk": 190, "fields": {"action_time": "2024-12-27T15:33:01.377Z", "user": 3, "content_type": 14, "object_id": "93", "object_repr": "2024122714291593", "action_flag": 3, "change_message": ""}}, {"model": "admin.logentry", "pk": 191, "fields": {"action_time": "2024-12-27T15:33:01.377Z", "user": 3, "content_type": 14, "object_id": "92", "object_repr": "2024122714275792", "action_flag": 3, "change_message": ""}}, {"model": "admin.logentry", "pk": 192, "fields": {"action_time": "2024-12-27T15:33:01.377Z", "user": 3, "content_type": 14, "object_id": "91", "object_repr": "2024122714182091", "action_flag": 3, "change_message": ""}}, {"model": "admin.logentry", "pk": 193, "fields": {"action_time": "2024-12-27T15:33:01.377Z", "user": 3, "content_type": 14, "object_id": "89", "object_repr": "2024122714102189", "action_flag": 3, "change_message": ""}}, {"model": "admin.logentry", "pk": 194, "fields": {"action_time": "2024-12-27T15:33:08.852Z", "user": 3, "content_type": 16, "object_id": "56", "object_repr": "2HB87461478281907", "action_flag": 3, "change_message": ""}}, {"model": "admin.logentry", "pk": 195, "fields": {"action_time": "2024-12-27T15:33:08.852Z", "user": 3, "content_type": 16, "object_id": "55", "object_repr": "6UA96746YE070123Y", "action_flag": 3, "change_message": ""}}, {"model": "admin.logentry", "pk": 196, "fields": {"action_time": "2024-12-27T15:33:08.852Z", "user": 3, "content_type": 16, "object_id": "54", "object_repr": "5HE21582TP661093M", "action_flag": 3, "change_message": ""}}, {"model": "admin.logentry", "pk": 197, "fields": {"action_time": "2024-12-27T15:33:08.852Z", "user": 3, "content_type": 16, "object_id": "53", "object_repr": "6K7120909Y736020U", "action_flag": 3, "change_message": ""}}, {"model": "admin.logentry", "pk": 198, "fields": {"action_time": "2024-12-27T15:33:08.852Z", "user": 3, "content_type": 16, "object_id": "52", "object_repr": "4R537469F9960593F", "action_flag": 3, "change_message": ""}}, {"model": "admin.logentry", "pk": 199, "fields": {"action_time": "2024-12-27T15:33:08.852Z", "user": 3, "content_type": 16, "object_id": "51", "object_repr": "58L6942312946302H", "action_flag": 3, "change_message": ""}}, {"model": "admin.logentry", "pk": 200, "fields": {"action_time": "2024-12-27T15:33:08.852Z", "user": 3, "content_type": 16, "object_id": "50", "object_repr": "9GY26534JC0351634", "action_flag": 3, "change_message": ""}}, {"model": "admin.logentry", "pk": 201, "fields": {"action_time": "2024-12-27T15:33:08.852Z", "user": 3, "content_type": 16, "object_id": "49", "object_repr": "1MU16763S0048294G", "action_flag": 3, "change_message": ""}}, {"model": "admin.logentry", "pk": 202, "fields": {"action_time": "2024-12-27T15:33:08.852Z", "user": 3, "content_type": 16, "object_id": "48", "object_repr": "6Y682526GV265453C", "action_flag": 3, "change_message": ""}}, {"model": "admin.logentry", "pk": 203, "fields": {"action_time": "2024-12-27T15:33:08.852Z", "user": 3, "content_type": 16, "object_id": "47", "object_repr": "89090895A3158435W", "action_flag": 3, "change_message": ""}}, {"model": "admin.logentry", "pk": 204, "fields": {"action_time": "2024-12-27T15:33:08.852Z", "user": 3, "content_type": 16, "object_id": "46", "object_repr": "71H95436S7503580W", "action_flag": 3, "change_message": ""}}, {"model": "admin.logentry", "pk": 205, "fields": {"action_time": "2024-12-27T15:33:08.852Z", "user": 3, "content_type": 16, "object_id": "45", "object_repr": "0S210328GA092460U", "action_flag": 3, "change_message": ""}}, {"model": "admin.logentry", "pk": 206, "fields": {"action_time": "2024-12-27T15:33:08.852Z", "user": 3, "content_type": 16, "object_id": "44", "object_repr": "7RB63291S5822601S", "action_flag": 3, "change_message": ""}}, {"model": "admin.logentry", "pk": 207, "fields": {"action_time": "2024-12-27T15:33:08.852Z", "user": 3, "content_type": 16, "object_id": "43", "object_repr": "8R173070DY5297934", "action_flag": 3, "change_message": ""}}, {"model": "admin.logentry", "pk": 208, "fields": {"action_time": "2024-12-27T15:33:08.852Z", "user": 3, "content_type": 16, "object_id": "42", "object_repr": "69N5655485545261V", "action_flag": 3, "change_message": ""}}, {"model": "admin.logentry", "pk": 209, "fields": {"action_time": "2024-12-27T15:33:08.852Z", "user": 3, "content_type": 16, "object_id": "41", "object_repr": "7LP03168J7902641J", "action_flag": 3, "change_message": ""}}, {"model": "admin.logentry", "pk": 210, "fields": {"action_time": "2024-12-27T15:33:08.852Z", "user": 3, "content_type": 16, "object_id": "40", "object_repr": "35J51624SC104850W", "action_flag": 3, "change_message": ""}}, {"model": "admin.logentry", "pk": 211, "fields": {"action_time": "2024-12-27T15:33:08.852Z", "user": 3, "content_type": 16, "object_id": "39", "object_repr": "7X484068S83429436", "action_flag": 3, "change_message": ""}}, {"model": "admin.logentry", "pk": 212, "fields": {"action_time": "2024-12-27T17:14:39.222Z", "user": 3, "content_type": 14, "object_id": "117", "object_repr": "20241227170840117", "action_flag": 3, "change_message": ""}}, {"model": "admin.logentry", "pk": 213, "fields": {"action_time": "2024-12-27T17:14:39.222Z", "user": 3, "content_type": 14, "object_id": "116", "object_repr": "20241227170532116", "action_flag": 3, "change_message": ""}}, {"model": "admin.logentry", "pk": 214, "fields": {"action_time": "2024-12-27T17:14:39.222Z", "user": 3, "content_type": 14, "object_id": "115", "object_repr": "20241227164648115", "action_flag": 3, "change_message": ""}}, {"model": "admin.logentry", "pk": 215, "fields": {"action_time": "2024-12-27T17:14:39.222Z", "user": 3, "content_type": 14, "object_id": "114", "object_repr": "20241227164437114", "action_flag": 3, "change_message": ""}}, {"model": "admin.logentry", "pk": 216, "fields": {"action_time": "2024-12-27T17:14:39.222Z", "user": 3, "content_type": 14, "object_id": "113", "object_repr": "20241227164256113", "action_flag": 3, "change_message": ""}}, {"model": "admin.logentry", "pk": 217, "fields": {"action_time": "2024-12-27T17:14:39.222Z", "user": 3, "content_type": 14, "object_id": "112", "object_repr": "20241227164108112", "action_flag": 3, "change_message": ""}}, {"model": "admin.logentry", "pk": 218, "fields": {"action_time": "2024-12-27T17:14:39.222Z", "user": 3, "content_type": 14, "object_id": "111", "object_repr": "20241227163634111", "action_flag": 3, "change_message": ""}}, {"model": "admin.logentry", "pk": 219, "fields": {"action_time": "2024-12-27T17:14:39.222Z", "user": 3, "content_type": 14, "object_id": "110", "object_repr": "20241227163532110", "action_flag": 3, "change_message": ""}}, {"model": "admin.logentry", "pk": 220, "fields": {"action_time": "2024-12-27T17:14:39.222Z", "user": 3, "content_type": 14, "object_id": "109", "object_repr": "20241227163313109", "action_flag": 3, "change_message": ""}}, {"model": "admin.logentry", "pk": 221, "fields": {"action_time": "2024-12-27T17:14:39.222Z", "user": 3, "content_type": 14, "object_id": "108", "object_repr": "20241227153412108", "action_flag": 3, "change_message": ""}}, {"model": "admin.logentry", "pk": 222, "fields": {"action_time": "2024-12-27T17:14:48.247Z", "user": 3, "content_type": 16, "object_id": "66", "object_repr": "8958294249999911V", "action_flag": 3, "change_message": ""}}, {"model": "admin.logentry", "pk": 223, "fields": {"action_time": "2024-12-27T17:14:48.247Z", "user": 3, "content_type": 16, "object_id": "65", "object_repr": "5M122295K2812791N", "action_flag": 3, "change_message": ""}}, {"model": "admin.logentry", "pk": 224, "fields": {"action_time": "2024-12-27T17:14:48.247Z", "user": 3, "content_type": 16, "object_id": "64", "object_repr": "2XP72465T5934074W", "action_flag": 3, "change_message": ""}}, {"model": "admin.logentry", "pk": 225, "fields": {"action_time": "2024-12-27T17:14:48.247Z", "user": 3, "content_type": 16, "object_id": "63", "object_repr": "7E254984X19244038", "action_flag": 3, "change_message": ""}}, {"model": "admin.logentry", "pk": 226, "fields": {"action_time": "2024-12-27T17:14:48.247Z", "user": 3, "content_type": 16, "object_id": "62", "object_repr": "48U59485J99854728", "action_flag": 3, "change_message": ""}}, {"model": "admin.logentry", "pk": 227, "fields": {"action_time": "2024-12-27T17:14:48.247Z", "user": 3, "content_type": 16, "object_id": "61", "object_repr": "4CW97498DT377844P", "action_flag": 3, "change_message": ""}}, {"model": "admin.logentry", "pk": 228, "fields": {"action_time": "2024-12-27T17:14:48.247Z", "user": 3, "content_type": 16, "object_id": "60", "object_repr": "5J765132F3316832X", "action_flag": 3, "change_message": ""}}, {"model": "admin.logentry", "pk": 229, "fields": {"action_time": "2024-12-27T17:14:48.247Z", "user": 3, "content_type": 16, "object_id": "59", "object_repr": "5PG71053TW965711L", "action_flag": 3, "change_message": ""}}, {"model": "admin.logentry", "pk": 230, "fields": {"action_time": "2024-12-27T17:14:48.247Z", "user": 3, "content_type": 16, "object_id": "58", "object_repr": "3AS07924MK223430J", "action_flag": 3, "change_message": ""}}, {"model": "admin.logentry", "pk": 231, "fields": {"action_time": "2024-12-27T17:14:48.247Z", "user": 3, "content_type": 16, "object_id": "57", "object_repr": "pi_3QafYmGoyH3blEPl0Yy9HAA4", "action_flag": 3, "change_message": ""}}, {"model": "admin.logentry", "pk": 232, "fields": {"action_time": "2024-12-27T18:19:20.727Z", "user": 3, "content_type": 14, "object_id": "124", "object_repr": "20241227181722124", "action_flag": 3, "change_message": ""}}, {"model": "admin.logentry", "pk": 233, "fields": {"action_time": "2024-12-27T18:19:20.727Z", "user": 3, "content_type": 14, "object_id": "123", "object_repr": "20241227181432123", "action_flag": 3, "change_message": ""}}, {"model": "admin.logentry", "pk": 234, "fields": {"action_time": "2024-12-27T18:19:20.727Z", "user": 3, "content_type": 14, "object_id": "122", "object_repr": "20241227181302122", "action_flag": 3, "change_message": ""}}, {"model": "admin.logentry", "pk": 235, "fields": {"action_time": "2024-12-27T18:19:20.727Z", "user": 3, "content_type": 14, "object_id": "121", "object_repr": "20241227180754121", "action_flag": 3, "change_message": ""}}, {"model": "admin.logentry", "pk": 236, "fields": {"action_time": "2024-12-27T18:19:20.727Z", "user": 3, "content_type": 14, "object_id": "120", "object_repr": "20241227180103120", "action_flag": 3, "change_message": ""}}, {"model": "admin.logentry", "pk": 237, "fields": {"action_time": "2024-12-27T18:19:20.727Z", "user": 3, "content_type": 14, "object_id": "119", "object_repr": "20241227175613119", "action_flag": 3, "change_message": ""}}, {"model": "admin.logentry", "pk": 238, "fields": {"action_time": "2024-12-27T18:19:20.727Z", "user": 3, "content_type": 14, "object_id": "118", "object_repr": "20241227171551118", "action_flag": 3, "change_message": ""}}, {"model": "admin.logentry", "pk": 239, "fields": {"action_time": "2024-12-27T18:19:27.089Z", "user": 3, "content_type": 16, "object_id": "73", "object_repr": "0MF56152U8507533P", "action_flag": 3, "change_message": ""}}, {"model": "admin.logentry", "pk": 240, "fields": {"action_time": "2024-12-27T18:19:27.089Z", "user": 3, "content_type": 16, "object_id": "72", "object_repr": "8EU39022WC503601B", "action_flag": 3, "change_message": ""}}, {"model": "admin.logentry", "pk": 241, "fields": {"action_time": "2024-12-27T18:19:27.089Z", "user": 3, "content_type": 16, "object_id": "71", "object_repr": "2YT948975J811750X", "action_flag": 3, "change_message": ""}}, {"model": "admin.logentry", "pk": 242, "fields": {"action_time": "2024-12-27T18:19:27.089Z", "user": 3, "content_type": 16, "object_id": "70", "object_repr": "2W843554HW249543V", "action_flag": 3, "change_message": ""}}, {"model": "admin.logentry", "pk": 243, "fields": {"action_time": "2024-12-27T18:19:27.089Z", "user": 3, "content_type": 16, "object_id": "69", "object_repr": "3Y477433PM847622M", "action_flag": 3, "change_message": ""}}, {"model": "admin.logentry", "pk": 244, "fields": {"action_time": "2024-12-27T18:19:27.089Z", "user": 3, "content_type": 16, "object_id": "68", "object_repr": "6BU170866X2038519", "action_flag": 3, "change_message": ""}}, {"model": "admin.logentry", "pk": 245, "fields": {"action_time": "2024-12-27T18:19:27.089Z", "user": 3, "content_type": 16, "object_id": "67", "object_repr": "5VL90389MK965684E", "action_flag": 3, "change_message": ""}}, {"model": "auth.permission", "pk": 1, "fields": {"name": "Can add log entry", "content_type": 1, "codename": "add_logentry"}}, {"model": "auth.permission", "pk": 2, "fields": {"name": "Can change log entry", "content_type": 1, "codename": "change_logentry"}}, {"model": "auth.permission", "pk": 3, "fields": {"name": "Can delete log entry", "content_type": 1, "codename": "delete_logentry"}}, {"model": "auth.permission", "pk": 4, "fields": {"name": "Can view log entry", "content_type": 1, "codename": "view_logentry"}}, {"model": "auth.permission", "pk": 5, "fields": {"name": "Can add permission", "content_type": 2, "codename": "add_permission"}}, {"model": "auth.permission", "pk": 6, "fields": {"name": "Can change permission", "content_type": 2, "codename": "change_permission"}}, {"model": "auth.permission", "pk": 7, "fields": {"name": "Can delete permission", "content_type": 2, "codename": "delete_permission"}}, {"model": "auth.permission", "pk": 8, "fields": {"name": "Can view permission", "content_type": 2, "codename": "view_permission"}}, {"model": "auth.permission", "pk": 9, "fields": {"name": "Can add group", "content_type": 3, "codename": "add_group"}}, {"model": "auth.permission", "pk": 10, "fields": {"name": "Can change group", "content_type": 3, "codename": "change_group"}}, {"model": "auth.permission", "pk": 11, "fields": {"name": "Can delete group", "content_type": 3, "codename": "delete_group"}}, {"model": "auth.permission", "pk": 12, "fields": {"name": "Can view group", "content_type": 3, "codename": "view_group"}}, {"model": "auth.permission", "pk": 13, "fields": {"name": "Can add content type", "content_type": 4, "codename": "add_contenttype"}}, {"model": "auth.permission", "pk": 14, "fields": {"name": "Can change content type", "content_type": 4, "codename": "change_contenttype"}}, {"model": "auth.permission", "pk": 15, "fields": {"name": "Can delete content type", "content_type": 4, "codename": "delete_contenttype"}}, {"model": "auth.permission", "pk": 16, "fields": {"name": "Can view content type", "content_type": 4, "codename": "view_contenttype"}}, {"model": "auth.permission", "pk": 17, "fields": {"name": "Can add session", "content_type": 5, "codename": "add_session"}}, {"model": "auth.permission", "pk": 18, "fields": {"name": "Can change session", "content_type": 5, "codename": "change_session"}}, {"model": "auth.permission", "pk": 19, "fields": {"name": "Can delete session", "content_type": 5, "codename": "delete_session"}}, {"model": "auth.permission", "pk": 20, "fields": {"name": "Can view session", "content_type": 5, "codename": "view_session"}}, {"model": "auth.permission", "pk": 21, "fields": {"name": "Can add user", "content_type": 6, "codename": "add_user"}}, {"model": "auth.permission", "pk": 22, "fields": {"name": "Can change user", "content_type": 6, "codename": "change_user"}}, {"model": "auth.permission", "pk": 23, "fields": {"name": "Can delete user", "content_type": 6, "codename": "delete_user"}}, {"model": "auth.permission", "pk": 24, "fields": {"name": "Can view user", "content_type": 6, "codename": "view_user"}}, {"model": "auth.permission", "pk": 25, "fields": {"name": "Can add user profile", "content_type": 7, "codename": "add_userprofile"}}, {"model": "auth.permission", "pk": 26, "fields": {"name": "Can change user profile", "content_type": 7, "codename": "change_userprofile"}}, {"model": "auth.permission", "pk": 27, "fields": {"name": "Can delete user profile", "content_type": 7, "codename": "delete_userprofile"}}, {"model": "auth.permission", "pk": 28, "fields": {"name": "Can view user profile", "content_type": 7, "codename": "view_userprofile"}}, {"model": "auth.permission", "pk": 29, "fields": {"name": "Can add vendor", "content_type": 8, "codename": "add_vendor"}}, {"model": "auth.permission", "pk": 30, "fields": {"name": "Can change vendor", "content_type": 8, "codename": "change_vendor"}}, {"model": "auth.permission", "pk": 31, "fields": {"name": "Can delete vendor", "content_type": 8, "codename": "delete_vendor"}}, {"model": "auth.permission", "pk": 32, "fields": {"name": "Can view vendor", "content_type": 8, "codename": "view_vendor"}}, {"model": "auth.permission", "pk": 33, "fields": {"name": "Can add category", "content_type": 9, "codename": "add_category"}}, {"model": "auth.permission", "pk": 34, "fields": {"name": "Can change category", "content_type": 9, "codename": "change_category"}}, {"model": "auth.permission", "pk": 35, "fields": {"name": "Can delete category", "content_type": 9, "codename": "delete_category"}}, {"model": "auth.permission", "pk": 36, "fields": {"name": "Can view category", "content_type": 9, "codename": "view_category"}}, {"model": "auth.permission", "pk": 37, "fields": {"name": "Can add item", "content_type": 10, "codename": "add_item"}}, {"model": "auth.permission", "pk": 38, "fields": {"name": "Can change item", "content_type": 10, "codename": "change_item"}}, {"model": "auth.permission", "pk": 39, "fields": {"name": "Can delete item", "content_type": 10, "codename": "delete_item"}}, {"model": "auth.permission", "pk": 40, "fields": {"name": "Can view item", "content_type": 10, "codename": "view_item"}}, {"model": "auth.permission", "pk": 41, "fields": {"name": "Can add cart", "content_type": 11, "codename": "add_cart"}}, {"model": "auth.permission", "pk": 42, "fields": {"name": "Can change cart", "content_type": 11, "codename": "change_cart"}}, {"model": "auth.permission", "pk": 43, "fields": {"name": "Can delete cart", "content_type": 11, "codename": "delete_cart"}}, {"model": "auth.permission", "pk": 44, "fields": {"name": "Can view cart", "content_type": 11, "codename": "view_cart"}}, {"model": "auth.permission", "pk": 45, "fields": {"name": "Can add opening hours", "content_type": 12, "codename": "add_openinghours"}}, {"model": "auth.permission", "pk": 46, "fields": {"name": "Can change opening hours", "content_type": 12, "codename": "change_openinghours"}}, {"model": "auth.permission", "pk": 47, "fields": {"name": "Can delete opening hours", "content_type": 12, "codename": "delete_openinghours"}}, {"model": "auth.permission", "pk": 48, "fields": {"name": "Can view opening hours", "content_type": 12, "codename": "view_openinghours"}}, {"model": "auth.permission", "pk": 49, "fields": {"name": "Can add tax", "content_type": 13, "codename": "add_tax"}}, {"model": "auth.permission", "pk": 50, "fields": {"name": "Can change tax", "content_type": 13, "codename": "change_tax"}}, {"model": "auth.permission", "pk": 51, "fields": {"name": "Can delete tax", "content_type": 13, "codename": "delete_tax"}}, {"model": "auth.permission", "pk": 52, "fields": {"name": "Can view tax", "content_type": 13, "codename": "view_tax"}}, {"model": "auth.permission", "pk": 53, "fields": {"name": "Can add order", "content_type": 14, "codename": "add_order"}}, {"model": "auth.permission", "pk": 54, "fields": {"name": "Can change order", "content_type": 14, "codename": "change_order"}}, {"model": "auth.permission", "pk": 55, "fields": {"name": "Can delete order", "content_type": 14, "codename": "delete_order"}}, {"model": "auth.permission", "pk": 56, "fields": {"name": "Can view order", "content_type": 14, "codename": "view_order"}}, {"model": "auth.permission", "pk": 57, "fields": {"name": "Can add ordered item", "content_type": 15, "codename": "add_ordereditem"}}, {"model": "auth.permission", "pk": 58, "fields": {"name": "Can change ordered item", "content_type": 15, "codename": "change_ordereditem"}}, {"model": "auth.permission", "pk": 59, "fields": {"name": "Can delete ordered item", "content_type": 15, "codename": "delete_ordereditem"}}, {"model": "auth.permission", "pk": 60, "fields": {"name": "Can view ordered item", "content_type": 15, "codename": "view_ordereditem"}}, {"model": "auth.permission", "pk": 61, "fields": {"name": "Can add payment", "content_type": 16, "codename": "add_payment"}}, {"model": "auth.permission", "pk": 62, "fields": {"name": "Can change payment", "content_type": 16, "codename": "change_payment"}}, {"model": "auth.permission", "pk": 63, "fields": {"name": "Can delete payment", "content_type": 16, "codename": "delete_payment"}}, {"model": "auth.permission", "pk": 64, "fields": {"name": "Can view payment", "content_type": 16, "codename": "view_payment"}}, {"model": "contenttypes.contenttype", "pk": 1, "fields": {"app_label": "admin", "model": "logentry"}}, {"model": "contenttypes.contenttype", "pk": 2, "fields": {"app_label": "auth", "model": "permission"}}, {"model": "contenttypes.contenttype", "pk": 3, "fields": {"app_label": "auth", "model": "group"}}, {"model": "contenttypes.contenttype", "pk": 4, "fields": {"app_label": "contenttypes", "model": "contenttype"}}, {"model": "contenttypes.contenttype", "pk": 5, "fields": {"app_label": "sessions", "model": "session"}}, {"model": "contenttypes.contenttype", "pk": 6, "fields": {"app_label": "accounts", "model": "user"}}, {"model": "contenttypes.contenttype", "pk": 7, "fields": {"app_label": "accounts", "model": "userprofile"}}, {"model": "contenttypes.contenttype", "pk": 8, "fields": {"app_label": "vendor", "model": "vendor"}}, {"model": "contenttypes.contenttype", "pk": 9, "fields": {"app_label": "menu", "model": "category"}}, {"model": "contenttypes.contenttype", "pk": 10, "fields": {"app_label": "menu", "model": "item"}}, {"model": "contenttypes.contenttype", "pk": 11, "fields": {"app_label": "marketplace", "model": "cart"}}, {"model": "contenttypes.contenttype", "pk": 12, "fields": {"app_label": "vendor", "model": "openinghours"}}, {"model": "contenttypes.contenttype", "pk": 13, "fields": {"app_label": "marketplace", "model": "tax"}}, {"model": "contenttypes.contenttype", "pk": 14, "fields": {"app_label": "orders", "model": "order"}}, {"model": "contenttypes.contenttype", "pk": 15, "fields": {"app_label": "orders", "model": "ordereditem"}}, {"model": "contenttypes.contenttype", "pk": 16, "fields": {"app_label": "orders", "model": "payment"}}, {"model": "sessions.session", "pk": "2s7nx1irgl2d41zkwodw200khfk302hh", "fields": {"session_data": ".eJxVjMsOgjAQRf-la9OUTh-OS_d-A5mZDoIaSCisjP-uRDZszzn3vs06FHMxDZiTaWld-natOrd_GI-QSZ46bqY8aLxPVqZxmQe2W2J3W-1tKvq67u3hoKfa_9ZnwOC9LzEKoXSARBAYARhSTikQp6wpqGtYsBFJ6KKq6wpwxojefL7FSTpH:1t67eg:JrGYSgxohEJQxS9PJLQ47if8-jJiLbwwnLWa060J9AI", "expire_date": "2024-11-13T12:18:30.562Z"}}, {"model": "sessions.session", "pk": "4jl02y89okqdhtan0hfyya2d5ea847p2", "fields": {"session_data": ".eJxVjMEOgjAQRP-lZ9Nsu8UtHr3zDc2yWy1qIKFwMv67kHDQ48x7M2-TeF1KWmue06DmYtCcfrue5ZnHHeiDx_tkZRqXeejtrtiDVttNml_Xw_07KFzLtqYzOBd8aMiJhCYoqoowoUeMQtQCOQbgCCSZ3Za56W_K4hHaENF8vriDNvg:1tFrqq:al3_K3bhvgcQ6wMTNyWaxho0MG2uGX07AQH0w2H0mf4", "expire_date": "2024-12-10T09:27:20.817Z"}}, {"model": "sessions.session", "pk": "8r5pkybq7s774xy1z8d7nshy8hj2y1a7", "fields": {"session_data": ".eJxVjDsOwjAQRO_iGllm_clCSZ8zWGuvjQPIluKkQtydREoBxTTz3sxbeFqX4teeZj-xuIozitNvGSg-U90JP6jem4ytLvMU5K7Ig3Y5Nk6v2-H-HRTqZVurzExOoTIIQKxQu0BGXQIDAKJlnfIWbdlZiMFGk9EOZAcNClxI4vMFAvE3zA:1tD0Gu:dwZqoimq6DXTtAH1cPDMOgTvofq-MF-PhzSWys8eZSo", "expire_date": "2024-12-02T11:50:24.623Z"}}, {"model": "sessions.session", "pk": "bybabue2y6lkgntiwwwzxb2jnwg285vz", "fields": {"session_data": ".eJxVjMEOgjAQRP-lZ9Nsu8UtHr3zDc2yWy1qIKFwMv67kHDQ48x7M2-TeF1KWmue06DmYtCcfrue5ZnHHeiDx_tkZRqXeejtrtiDVttNml_Xw_07KFzLtqYzOBd8aMiJhCYoqoowoUeMQtQCOQbgCCSZ3Za56W_K4hHaENF8vriDNvg:1tCHNx:XlhGHW1tar7IqAWh6eif0G56WzPpVt9NobFayXKE1Xw", "expire_date": "2024-11-30T11:54:41.785Z"}}, {"model": "sessions.session", "pk": "d2l5yqihce239qn0t14w4szxru1w7pyb", "fields": {"session_data": ".eJxVjMEOgjAQRP-lZ9Nsu8UtHr3zDc2yWy1qIKFwMv67kHDQ48x7M2-TeF1KWmue06DmYtCcfrue5ZnHHeiDx_tkZRqXeejtrtiDVttNml_Xw_07KFzLtqYzOBd8aMiJhCYoqoowoUeMQtQCOQbgCCSZ3Za56W_K4hHaENF8vriDNvg:1tL0e8:mqJ70M2aE6TLsM-G8JoTI0QM6JkGqEo_MzB1wkG2IpE", "expire_date": "2024-12-24T13:51:28.645Z"}}, {"model": "sessions.session", "pk": "dvp50zduuvgwy7rmn1twspf3xrt4yec3", "fields": {"session_data": ".eJxVjMEOgjAQRP-lZ9Nsu8UtHr3zDc2yWy1qIKFwMv67kHDQ48x7M2-TeF1KWmue06DmYtCcfrue5ZnHHeiDx_tkZRqXeejtrtiDVttNml_Xw_07KFzLtqYzOBd8aMiJhCYoqoowoUeMQtQCOQbgCCSZ3Za56W_K4hHaENF8vriDNvg:1tBHzg:xg72_mrTJ6oK3tj8KCjPdhnYvFmV_HEyx80_DhLGE2s", "expire_date": "2024-11-27T18:21:32.317Z"}}, {"model": "sessions.session", "pk": "jwc3d8m3nq4eci0nywzpvp5ghadm22lp", "fields": {"session_data": ".eJxVjEsOAiEQBe_C2hBAvi7dewZCd4OMGkiGmZXx7oZkFrp9VfXeLKZ9q3EfeY0LsQtTgp1-R0j4zG0SeqR27xx729YF-FT4QQe_dcqv6-H-HdQ06qzBaUgaRMkKhEEqaIuQEqQOCEhoraGzC8EQGWEdIPiMyWNQznnn2ecLOZU4_A:1tRExW:VQ3YPaUgzdbDGfFnvngP0p9pqTZtljEsHJudfiSOYzs", "expire_date": "2025-01-10T18:21:14.471Z"}}, {"model": "sessions.session", "pk": "orqh6aunlioyum8nnc91s9253uooeq61", "fields": {"session_data": ".eJxVjDsOwjAQRO_iGllm_clCSZ8zWGuvjQPIluKkQtydREoBxTTz3sxbeFqX4teeZj-xuIozitNvGSg-U90JP6jem4ytLvMU5K7Ig3Y5Nk6v2-H-HRTqZVurzExOoTIIQKxQu0BGXQIDAKJlnfIWbdlZiMFGk9EOZAcNClxI4vMFAvE3zA:1tM3IR:n3VSN9JUOVmiXb0MxOzlrY-9p7zeIm1TnwtIsLdEA1Q", "expire_date": "2024-12-27T10:53:23.622Z"}}, {"model": "sessions.session", "pk": "pny6a849soggm5mqmlxpznm16cwpxeg2", "fields": {"session_data": ".eJxVjMEOgjAQRP-lZ9Nsu8UtHr3zDc2yWy1qIKFwMv67kHDQ48x7M2-TeF1KWmue06DmYtCcfrue5ZnHHeiDx_tkZRqXeejtrtiDVttNml_Xw_07KFzLtqYzOBd8aMiJhCYoqoowoUeMQtQCOQbgCCSZ3Za56W_K4hHaENF8vriDNvg:1tLRFp:2CnqjhGwz4gXW1lFBG5Q8-TBA-zPFh1cLQjIPJo3wkQ", "expire_date": "2024-12-25T18:16:09.039Z"}}, {"model": "sessions.session", "pk": "z2p27hamclftm88tbskmrqxzyplwse6m", "fields": {"session_data": ".eJxVjMEOgjAQRP-lZ9Nsu8UtHr3zDc2yWy1qIKFwMv67kHDQ48x7M2-TeF1KWmue06DmYtCcfrue5ZnHHeiDx_tkZRqXeejtrtiDVttNml_Xw_07KFzLtqYzOBd8aMiJhCYoqoowoUeMQtQCOQbgCCSZ3Za56W_K4hHaENF8vriDNvg:1t5s99:ccQ5_fiNvjfyQQYJUwG9j2EObb0LAwhp2qz47qijGWo", "expire_date": "2024-11-12T19:44:55.942Z"}}, {"model": "sessions.session", "pk": "zcjoln4de7ctmwgnq0a3qm48mikq9z3w", "fields": {"session_data": ".eJxVjMEOgjAQRP-lZ9Nsu8UtHr3zDc2yWy1qIKFwMv67kHDQ48x7M2-TeF1KWmue06DmYtCcfrue5ZnHHeiDx_tkZRqXeejtrtiDVttNml_Xw_07KFzLtqYzOBd8aMiJhCYoqoowoUeMQtQCOQbgCCSZ3Za56W_K4hHaENF8vriDNvg:1tR96C:BbWJCTVB3LvoZl7lKUW5t5b9tueDJhZM6WP3FQ2RSq8", "expire_date": "2025-01-10T12:05:48.932Z"}}, {"model": "accounts.user", "pk": 3, "fields": {"password": "pbkdf2_sha256$870000$7RLTeNY2RfBUzrOKwOp0Ld$2MtGJ6l7OkNdpI3hHkcx0CWKeSRdZ+rpFac1bLOmeKk=", "email": "prosnal54@gmail.com", "username": "nalu", "first_name": "Chukwunalu", "last_name": "Obi", "phone_number": "", "role": null, "date_joined": "2024-10-25T11:47:29.647Z", "last_login": "2024-12-27T12:05:48.797Z", "created_date": "2024-10-25T11:47:29.647Z", "modified_date": "2024-10-25T11:47:29.647Z", "is_admin": true, "is_staff": true, "is_active": true, "is_superadmin": true}}, {"model": "accounts.user", "pk": 13, "fields": {"password": "pbkdf2_sha256$870000$nqS8TAg5Z0I8js65xpArk8$8cOimzJGvCx6myaFfEC6jl1dJCfSL8Kpgcj0RTLJ0k0=", "email": "naluprosper544@gmail.com", "username": "naluv", "first_name": "Chukwunalu", "last_name": "Obi", "phone_number": "", "role": 1, "date_joined": "2024-10-29T20:03:13.150Z", "last_login": "2024-10-29T20:03:13.150Z", "created_date": "2024-10-29T20:03:13.150Z", "modified_date": "2024-12-27T13:31:38.649Z", "is_admin": false, "is_staff": false, "is_active": true, "is_superadmin": false}}, {"model": "accounts.user", "pk": 15, "fields": {"password": "pbkdf2_sha256$870000$pgnGu2ANZiBvWqyztvuuMl$4iOt26nuPKYqmAagjnUmYZoBIPwFoHqSrYhaY6lEniM=", "email": "naluprosper55@gmail.com", "username": "bbb", "first_name": "Chukwunalu", "last_name": "Obi", "phone_number": "", "role": 1, "date_joined": "2024-10-29T21:14:21.685Z", "last_login": "2024-11-13T17:38:33.446Z", "created_date": "2024-10-29T21:14:21.685Z", "modified_date": "2024-10-30T12:20:33.049Z", "is_admin": false, "is_staff": false, "is_active": true, "is_superadmin": false}}, {"model": "accounts.user", "pk": 18, "fields": {"password": "pbkdf2_sha256$870000$SYyTlUYhpTWA02ieMvrMDX$AaihOhRCEkMHQGgij/6HWsVOcbivMPSkeffv+Z1TzfQ=", "email": "naluobii@gmail.com", "username": "naluobii", "first_name": "Prosper", "last_name": "obi", "phone_number": "075531305000", "role": 2, "date_joined": "2024-11-18T11:49:36.616Z", "last_login": "2024-12-27T12:08:07.770Z", "created_date": "2024-11-18T11:49:36.616Z", "modified_date": "2024-12-13T11:53:28.390Z", "is_admin": false, "is_staff": false, "is_active": true, "is_superadmin": false}}, {"model": "accounts.user", "pk": 19, "fields": {"password": "pbkdf2_sha256$870000$KjlrP2LUSeKyBwfGHJps6o$dgiSbiqpmFnx2/egSKjNaef2bthDe3+L6vLoYXHI8WE=", "email": "third@gmail.com", "username": "thirdbusinesss", "first_name": "Third", "last_name": "Store", "phone_number": "", "role": 1, "date_joined": "2024-12-10T13:50:31.440Z", "last_login": "2024-12-12T14:19:44.249Z", "created_date": "2024-12-10T13:50:31.440Z", "modified_date": "2024-12-10T13:51:37.455Z", "is_admin": false, "is_staff": false, "is_active": true, "is_superadmin": false}}, {"model": "accounts.user", "pk": 20, "fields": {"password": "pbkdf2_sha256$870000$ErrTPSplbfur6rRBFSHWJl$EbOTT/lpcRbsguWnknYWTCsFKJuv+RydAah8HkawRCA=", "email": "naluprosper54@gmail.com", "username": "fourth", "first_name": "Fourth", "last_name": "Business", "phone_number": "", "role": 1, "date_joined": "2024-12-10T14:16:35.676Z", "last_login": "2024-12-27T18:21:14.457Z", "created_date": "2024-12-10T14:16:35.676Z", "modified_date": "2024-12-27T13:32:02.321Z", "is_admin": false, "is_staff": false, "is_active": true, "is_superadmin": false}}, {"model": "accounts.user", "pk": 22, "fields": {"password": "pbkdf2_sha256$870000$JPn6w8leEzmric1LKfakQ0$ifOVdprpHa6ZPUv7Dkx+pZLm2gOCA3b/MurU6eZr9gs=", "email": "fifth@gmail.com", "username": "fifth", "first_name": "Fifth", "last_name": "Business", "phone_number": "", "role": 1, "date_joined": "2024-12-10T14:24:30.931Z", "last_login": "2024-12-10T14:25:09.426Z", "created_date": "2024-12-10T14:24:30.931Z", "modified_date": "2024-12-10T14:24:59.520Z", "is_admin": false, "is_staff": false, "is_active": true, "is_superadmin": false}}, {"model": "accounts.userprofile", "pk": 2, "fields": {"user": 3, "profile_picture": "users/profile_pictures/12373911.png", "cover_photo": "users/cover_photo/12373911.png", "address": null, "country": "Nigeria", "state": "Delta", "city": "Asaba", "pin_code": "320241", "latitude": "345.23", "longitude": "342.33", "location": "SRID=4326;POINT (342.33 345.23)", "created_at": "2024-10-25T12:50:29.710Z", "modified_at": "2024-10-25T12:50:29.710Z"}}, {"model": "accounts.userprofile", "pk": 12, "fields": {"user": 13, "profile_picture": "", "cover_photo": "", "address": null, "country": null, "state": null, "city": null, "pin_code": null, "latitude": null, "longitude": null, "location": null, "created_at": "2024-10-29T20:03:13.152Z", "modified_at": "2024-10-29T20:03:13.152Z"}}, {"model": "accounts.userprofile", "pk": 14, "fields": {"user": 15, "profile_picture": "users/profile_pictures/12373911_G9KsWKG.png", "cover_photo": "users/cover_photo/cover-photo-1.PNG", "address": "16 Dr Chris C Obi Street Asaba", "country": "Nigeria", "state": "Delta", "city": "Asaba", "pin_code": "320241", "latitude": "345.23", "longitude": "342.336", "location": "SRID=4326;POINT (342.336 345.23)", "created_at": "2024-10-29T21:14:21.687Z", "modified_at": "2024-10-29T21:14:21.687Z"}}, {"model": "accounts.userprofile", "pk": 17, "fields": {"user": 18, "profile_picture": "users/profile_pictures/page1.jpg", "cover_photo": "users/cover_photo/friend-avatar9.jpg", "address": "Shudehill Bus Station, Shudehill, Manchester, UK", "country": "United Kingdom", "state": "England", "city": "Manchester", "pin_code": "M4 2AF", "latitude": "53.4855493", "longitude": "-2.238453", "location": "SRID=4326;POINT (-2.238453 53.4855493)", "created_at": "2024-11-18T11:49:36.619Z", "modified_at": "2024-11-18T11:49:36.619Z"}}, {"model": "accounts.userprofile", "pk": 18, "fields": {"user": 19, "profile_picture": "users/profile_pictures/admin4.jpg", "cover_photo": "users/cover_photo/baner-widgetbg.jpg", "address": "Deansgate, Manchester, UK", "country": "United Kingdom", "state": "England", "city": "Manchester", "pin_code": "54345", "latitude": "53.4796115", "longitude": "-2.2487476", "location": "SRID=4326;POINT (-2.2487476 53.4796115)", "created_at": "2024-12-10T13:50:31.451Z", "modified_at": "2024-12-10T13:50:31.451Z"}}, {"model": "accounts.userprofile", "pk": 19, "fields": {"user": 20, "profile_picture": "users/profile_pictures/404.jpg", "cover_photo": "users/cover_photo/facebook-office.jpg", "address": "Christie Lane, Lower Kersal, Salford, UK", "country": "United Kingdom", "state": "England", "city": "Salford", "pin_code": "M7", "latitude": "53.5115195", "longitude": "-2.2815992", "location": "SRID=4326;POINT (-2.2815992 53.5115195)", "created_at": "2024-12-10T14:16:35.681Z", "modified_at": "2024-12-10T14:16:35.681Z"}}, {"model": "accounts.userprofile", "pk": 21, "fields": {"user": 22, "profile_picture": "users/profile_pictures/comet-4.jpg", "cover_photo": "users/cover_photo/admin4.jpg", "address": "42's, Bootle Street, Manchester, UK", "country": "United Kingdom", "state": "England", "city": "Bootle", "pin_code": "M2 5GU", "latitude": "53.47856480000001", "longitude": "-2.2492332", "location": "SRID=4326;POINT (-2.2492332 53.47856480000001)", "created_at": "2024-12-10T14:24:30.933Z", "modified_at": "2024-12-10T14:24:30.933Z"}}, {"model": "vendor.vendor", "pk": 2, "fields": {"user": 15, "user_profile": 14, "vendor_slug": "nnnnn-restaurant", "vendor_name": "Nnnnn Restaurant", "vendor_license": "vendor/license/2016_10_11_13645_1476181634_LdvWiDk._large.jpg", "is_approved": true, "created_at": "2024-10-30T12:10:47.079Z", "modified_at": "2024-10-30T12:10:47.079Z"}}, {"model": "vendor.vendor", "pk": 3, "fields": {"user": 13, "user_profile": 12, "vendor_slug": "mmmm-restaurant", "vendor_name": "Mmmm Restaurant", "vendor_license": "vendor/license/12373911.png", "is_approved": true, "created_at": "2024-11-13T18:25:22.574Z", "modified_at": "2024-11-13T18:25:22.574Z"}}, {"model": "vendor.vendor", "pk": 5, "fields": {"user": 19, "user_profile": 18, "vendor_slug": "third-business-19", "vendor_name": "Third Business", "vendor_license": "vendor/license/cart-2.jpg", "is_approved": true, "created_at": "2024-12-10T13:50:31.485Z", "modified_at": "2024-12-10T13:50:31.485Z"}}, {"model": "vendor.vendor", "pk": 6, "fields": {"user": 20, "user_profile": 19, "vendor_slug": "fourthbusiness-20", "vendor_name": "fourthbusiness", "vendor_license": "vendor/license/commenter-1.jpg", "is_approved": true, "created_at": "2024-12-10T14:16:35.697Z", "modified_at": "2024-12-10T14:16:35.697Z"}}, {"model": "vendor.vendor", "pk": 7, "fields": {"user": 22, "user_profile": 21, "vendor_slug": "fifthbusiness-22", "vendor_name": "fifthbusiness", "vendor_license": "vendor/license/folio-detail-big5.jpg", "is_approved": true, "created_at": "2024-12-10T14:24:30.939Z", "modified_at": "2024-12-10T14:24:30.939Z"}}, {"model": "vendor.openinghours", "pk": 21, "fields": {"vendor": 7, "day": 1, "from_hour": "", "to_hour": "", "is_closed": true}}, {"model": "vendor.openinghours", "pk": 27, "fields": {"vendor": 7, "day": 2, "from_hour": "06:00 AM", "to_hour": "11:00 PM", "is_closed": false}}, {"model": "vendor.openinghours", "pk": 32, "fields": {"vendor": 7, "day": 3, "from_hour": "", "to_hour": "", "is_closed": true}}, {"model": "vendor.openinghours", "pk": 33, "fields": {"vendor": 7, "day": 4, "from_hour": "08:30 AM", "to_hour": "05:30 PM", "is_closed": false}}, {"model": "vendor.openinghours", "pk": 34, "fields": {"vendor": 7, "day": 5, "from_hour": "07:30 AM", "to_hour": "01:00 PM", "is_closed": false}}, {"model": "vendor.openinghours", "pk": 35, "fields": {"vendor": 7, "day": 6, "from_hour": "10:00 AM", "to_hour": "06:30 PM", "is_closed": false}}, {"model": "vendor.openinghours", "pk": 36, "fields": {"vendor": 7, "day": 7, "from_hour": "", "to_hour": "", "is_closed": true}}, {"model": "vendor.openinghours", "pk": 37, "fields": {"vendor": 6, "day": 1, "from_hour": "01:00 AM", "to_hour": "04:30 PM", "is_closed": false}}, {"model": "vendor.openinghours", "pk": 38, "fields": {"vendor": 6, "day": 2, "from_hour": "12:00 PM", "to_hour": "04:00 PM", "is_closed": false}}, {"model": "vendor.openinghours", "pk": 39, "fields": {"vendor": 6, "day": 3, "from_hour": "07:30 AM", "to_hour": "03:00 PM", "is_closed": false}}, {"model": "vendor.openinghours", "pk": 40, "fields": {"vendor": 6, "day": 4, "from_hour": "", "to_hour": "", "is_closed": true}}, {"model": "vendor.openinghours", "pk": 41, "fields": {"vendor": 6, "day": 5, "from_hour": "", "to_hour": "", "is_closed": true}}, {"model": "vendor.openinghours", "pk": 42, "fields": {"vendor": 6, "day": 6, "from_hour": "02:00 PM", "to_hour": "08:30 PM", "is_closed": false}}, {"model": "vendor.openinghours", "pk": 43, "fields": {"vendor": 6, "day": 7, "from_hour": "", "to_hour": "", "is_closed": true}}, {"model": "vendor.openinghours", "pk": 44, "fields": {"vendor": 5, "day": 1, "from_hour": "", "to_hour": "", "is_closed": true}}, {"model": "vendor.openinghours", "pk": 45, "fields": {"vendor": 5, "day": 2, "from_hour": "", "to_hour": "", "is_closed": true}}, {"model": "vendor.openinghours", "pk": 46, "fields": {"vendor": 5, "day": 3, "from_hour": "10:30 AM", "to_hour": "11:00 PM", "is_closed": false}}, {"model": "vendor.openinghours", "pk": 47, "fields": {"vendor": 5, "day": 4, "from_hour": "09:00 AM", "to_hour": "09:30 PM", "is_closed": false}}, {"model": "vendor.openinghours", "pk": 48, "fields": {"vendor": 5, "day": 5, "from_hour": "08:00 AM", "to_hour": "12:30 PM", "is_closed": false}}, {"model": "vendor.openinghours", "pk": 49, "fields": {"vendor": 5, "day": 6, "from_hour": "06:00 AM", "to_hour": "06:00 PM", "is_closed": false}}, {"model": "vendor.openinghours", "pk": 50, "fields": {"vendor": 5, "day": 7, "from_hour": "01:00 PM", "to_hour": "07:00 PM", "is_closed": false}}, {"model": "menu.category", "pk": 1, "fields": {"vendor": 2, "category_name": "Burgers", "slug": "burgers", "description": "Test categories test", "created_at": "2024-11-06T20:03:10.097Z", "updated_at": "2024-11-06T20:03:10.097Z"}}, {"model": "menu.category", "pk": 2, "fields": {"vendor": 2, "category_name": "Chicken", "slug": "chicken", "description": "testing chcicken", "created_at": "2024-11-04T13:27:47.517Z", "updated_at": "2024-11-04T13:27:47.517Z"}}, {"model": "menu.category", "pk": 4, "fields": {"vendor": 3, "category_name": "Bottles", "slug": "bottles", "description": "best bottles", "created_at": "2024-11-13T18:25:45.627Z", "updated_at": "2024-11-13T18:25:45.627Z"}}, {"model": "menu.category", "pk": 5, "fields": {"vendor": 5, "category_name": "Chicken", "slug": "chicken-5", "description": "", "created_at": "2024-12-10T14:12:15.496Z", "updated_at": "2024-12-10T14:12:15.496Z"}}, {"model": "menu.category", "pk": 6, "fields": {"vendor": 5, "category_name": "Grains", "slug": "grains-6", "description": "", "created_at": "2024-12-10T14:14:41.845Z", "updated_at": "2024-12-10T14:14:41.845Z"}}, {"model": "menu.category", "pk": 7, "fields": {"vendor": 6, "category_name": "Proteins", "slug": "proteins-7", "description": "", "created_at": "2024-12-10T14:18:59.585Z", "updated_at": "2024-12-10T14:18:59.585Z"}}, {"model": "menu.category", "pk": 8, "fields": {"vendor": 6, "category_name": "Spices", "slug": "spices-8", "description": "", "created_at": "2024-12-10T14:20:39.015Z", "updated_at": "2024-12-10T14:20:39.015Z"}}, {"model": "menu.category", "pk": 9, "fields": {"vendor": 7, "category_name": "Beverages", "slug": "beverages-9", "description": "", "created_at": "2024-12-10T14:31:00.845Z", "updated_at": "2024-12-10T14:31:00.845Z"}}, {"model": "menu.category", "pk": 10, "fields": {"vendor": 7, "category_name": "Bread", "slug": "bread-10", "description": "", "created_at": "2024-12-10T14:32:34.259Z", "updated_at": "2024-12-10T14:32:34.259Z"}}, {"model": "menu.item", "pk": 1, "fields": {"vendor": 2, "category": 1, "item_title": "burger one", "slug": "burger-one", "description": "nicest burger", "price": "10.00", "image": "itemimages/burger-600x600.jpg", "is_available": true, "created_at": "2024-11-16T12:32:23.448Z", "updated_at": "2024-11-16T12:32:23.448Z"}}, {"model": "menu.item", "pk": 3, "fields": {"vendor": 2, "category": 2, "item_title": "Some food", "slug": "some-food", "description": "lkjhgfdxzxdfghjkl", "price": "10.00", "image": "itemimages/istock-1331792596-v2.png", "is_available": true, "created_at": "2024-11-11T18:21:23.162Z", "updated_at": "2024-11-11T18:21:23.162Z"}}, {"model": "menu.item", "pk": 4, "fields": {"vendor": 5, "category": 5, "item_title": "Chicken Test", "slug": "chicken-test", "description": "Teest", "price": "0.47", "image": "itemimages/bloglist-2.jpg", "is_available": true, "created_at": "2024-12-10T14:13:09.518Z", "updated_at": "2024-12-10T14:13:09.518Z"}}, {"model": "menu.item", "pk": 5, "fields": {"vendor": 5, "category": 5, "item_title": "Chicken Breast", "slug": "chicken-breast", "description": "Another Test", "price": "12.00", "image": "itemimages/animated-bg2.png", "is_available": true, "created_at": "2024-12-10T14:14:18.764Z", "updated_at": "2024-12-10T14:14:18.764Z"}}, {"model": "menu.item", "pk": 6, "fields": {"vendor": 5, "category": 6, "item_title": "Rice", "slug": "rice", "description": "Basmati Rice", "price": "11.00", "image": "itemimages/comet-1.jpg", "is_available": true, "created_at": "2024-12-10T14:15:22.805Z", "updated_at": "2024-12-10T14:15:22.805Z"}}, {"model": "menu.item", "pk": 7, "fields": {"vendor": 6, "category": 7, "item_title": "Beef", "slug": "beef", "description": "Nutritious Beef", "price": "0.50", "image": "itemimages/comet-2.jpg", "is_available": true, "created_at": "2024-12-10T14:19:45.033Z", "updated_at": "2024-12-10T14:19:45.033Z"}}, {"model": "menu.item", "pk": 8, "fields": {"vendor": 6, "category": 7, "item_title": "Cow Leg", "slug": "cow-leg", "description": "Nutritious Cow Leg", "price": "0.50", "image": "itemimages/folio-detail-big3.jpg", "is_available": true, "created_at": "2024-12-10T14:20:19.949Z", "updated_at": "2024-12-10T14:20:19.949Z"}}, {"model": "menu.item", "pk": 9, "fields": {"vendor": 6, "category": 8, "item_title": "Pepper", "slug": "pepper", "description": "Hot chilli pepper", "price": "0.87", "image": "itemimages/folio-detail-big6.jpg", "is_available": true, "created_at": "2024-12-10T14:21:13.465Z", "updated_at": "2024-12-10T14:21:13.465Z"}}, {"model": "menu.item", "pk": 10, "fields": {"vendor": 6, "category": 8, "item_title": "Maggi Cube", "slug": "maggi-cube", "description": "Know Maggi", "price": "1.01", "image": "itemimages/forum-author2.png", "is_available": false, "created_at": "2024-12-10T14:22:01.302Z", "updated_at": "2024-12-10T14:22:01.302Z"}}, {"model": "menu.item", "pk": 11, "fields": {"vendor": 7, "category": 9, "item_title": "Hot Chocolate", "slug": "hot-chocolate", "description": "Milo", "price": "0.20", "image": "itemimages/friend-avatar.jpg", "is_available": true, "created_at": "2024-12-10T14:31:31.856Z", "updated_at": "2024-12-10T14:31:31.856Z"}}, {"model": "menu.item", "pk": 13, "fields": {"vendor": 7, "category": 9, "item_title": "Milo", "slug": "milo", "description": "Overtine", "price": "0.20", "image": "itemimages/photo12_yyJeeoB.jpg", "is_available": true, "created_at": "2024-12-10T14:32:15.203Z", "updated_at": "2024-12-10T14:32:15.203Z"}}, {"model": "menu.item", "pk": 14, "fields": {"vendor": 7, "category": 10, "item_title": "Lulu", "slug": "lulu", "description": "Fresh Soft Bread", "price": "0.35", "image": "itemimages/page6.jpg", "is_available": true, "created_at": "2024-12-10T14:33:03.784Z", "updated_at": "2024-12-10T14:33:03.784Z"}}, {"model": "menu.item", "pk": 15, "fields": {"vendor": 7, "category": 10, "item_title": "Bonsaac", "slug": "bonsaac", "description": "soft Bread", "price": "0.35", "image": "itemimages/page1.jpg", "is_available": true, "created_at": "2024-12-10T14:33:33.976Z", "updated_at": "2024-12-10T14:33:33.976Z"}}, {"model": "marketplace.cart", "pk": 8, "fields": {"user": 18, "item": 1, "quantity": 3, "created_at": "2024-12-09T11:08:04.389Z", "updated_at": "2024-12-09T11:08:04.389Z"}}, {"model": "marketplace.cart", "pk": 11, "fields": {"user": 18, "item": 8, "quantity": 2, "created_at": "2024-12-27T12:13:07.921Z", "updated_at": "2024-12-27T12:13:07.921Z"}}, {"model": "marketplace.tax", "pk": 1, "fields": {"tax_type": "GST", "tax_percentage": "4.00", "is_active": true}}, {"model": "marketplace.tax", "pk": 2, "fields": {"tax_type": "SGST", "tax_percentage": "8.00", "is_active": true}}, {"model": "orders.payment", "pk": 74, "fields": {"user": 18, "transaction_id": "17J028218D228254G", "payment_method": "PayPal", "amount": "34.72", "status": "COMPLETED", "created_at": "2024-12-27T18:19:50.988Z"}}, {"model": "orders.order", "pk": 125, "fields": {"user": 18, "payment": 74, "order_number": "20241227181939125", "first_name": "Prosper", "last_name": "obi", "phone": "075531305000", "email": "naluobii@gmail.com", "address": "Shudehill Bus Station, Shudehill, Manchester, UK", "country": "United Kingdom", "state": "England", "city": "Manchester", "pin_code": "M4 2AF", "total": 34.72, "tax_data": "{\"GST\": {\"4.00\": 1.24}, \"SGST\": {\"8.00\": 2.48}}", "total_data": "{\"2\": {\"30.00\": \"{'GST': {'4.00': '1.20'}, 'SGST': {'8.00': '2.40'}}\"}, \"6\": {\"1.00\": \"{'GST': {'4.00': '0.04'}, 'SGST': {'8.00': '0.08'}}\"}}", "payment_method": "PayPal", "status": "Completed", "is_ordered": true, "created_at": "2024-12-27T18:19:39.398Z", "updated_at": "2024-12-27T18:19:50.998Z", "vendors": [2, 6]}}, {"model": "orders.ordereditem", "pk": 100, "fields": {"order": 125, "payment": 74, "user": 18, "storeitem": 1, "quantity": 3, "price": 10.0, "amount": 30.0, "created_at": "2024-12-27T18:19:51.016Z", "updated_at": "2024-12-27T18:19:51.016Z"}}, {"model": "orders.ordereditem", "pk": 101, "fields": {"order": 125, "payment": 74, "user": 18, "storeitem": 8, "quantity": 2, "price": 0.5, "amount": 1.0, "created_at": "2024-12-27T18:19:51.023Z", "updated_at": "2024-12-27T18:19:51.023Z"}}]